{
"meta":{"test_sets":[],"test_metrics":[],"learn_metrics":[{"best_value":"Min","name":"RMSE"}],"launch_mode":"Train","parameters":"","iteration_count":1000,"learn_sets":["learn"],"name":"experiment"},
"iterations":[
{"learn":[0.1865839496],"iteration":0,"passed_time":0.008899995006,"remaining_time":8.891095011},
{"learn":[0.1799406586],"iteration":1,"passed_time":0.01494340869,"remaining_time":7.456760935},
{"learn":[0.1739703668],"iteration":2,"passed_time":0.0212583793,"remaining_time":7.064868055},
{"learn":[0.1685006065],"iteration":3,"passed_time":0.02644751724,"remaining_time":6.585431793},
{"learn":[0.1632212053],"iteration":4,"passed_time":0.03204984015,"remaining_time":6.377918189},
{"learn":[0.1584322579],"iteration":5,"passed_time":0.0397358523,"remaining_time":6.582906198},
{"learn":[0.1540759532],"iteration":6,"passed_time":0.04593526896,"remaining_time":6.516246011},
{"learn":[0.1503578073],"iteration":7,"passed_time":0.05350448118,"remaining_time":6.634555666},
{"learn":[0.1467531171],"iteration":8,"passed_time":0.06020594664,"remaining_time":6.62934368},
{"learn":[0.1436196459],"iteration":9,"passed_time":0.06698434095,"remaining_time":6.631449754},
{"learn":[0.1406998522],"iteration":10,"passed_time":0.07385436328,"remaining_time":6.640178662},
{"learn":[0.1379961122],"iteration":11,"passed_time":0.080154091,"remaining_time":6.599353492},
{"learn":[0.1356362876],"iteration":12,"passed_time":0.08617009591,"remaining_time":6.54229882},
{"learn":[0.1334166682],"iteration":13,"passed_time":0.09251479517,"remaining_time":6.51568486},
{"learn":[0.1314948568],"iteration":14,"passed_time":0.09839027907,"remaining_time":6.460961659},
{"learn":[0.1297674335],"iteration":15,"passed_time":0.104148994,"remaining_time":6.405163133},
{"learn":[0.1281632488],"iteration":16,"passed_time":0.1116722043,"remaining_time":6.457280989},
{"learn":[0.1266721529],"iteration":17,"passed_time":0.1188459219,"remaining_time":6.483705293},
{"learn":[0.1253584312],"iteration":18,"passed_time":0.1280729747,"remaining_time":6.612609906},
{"learn":[0.1242239477],"iteration":19,"passed_time":0.1379138183,"remaining_time":6.757777097},
{"learn":[0.1231668807],"iteration":20,"passed_time":0.1530073311,"remaining_time":7.133056053},
{"learn":[0.1222750537],"iteration":21,"passed_time":0.1698584508,"remaining_time":7.55098022},
{"learn":[0.1213496171],"iteration":22,"passed_time":0.1850043169,"remaining_time":7.858661634},
{"learn":[0.1205200283],"iteration":23,"passed_time":0.201146892,"remaining_time":8.179973609},
{"learn":[0.1198527988],"iteration":24,"passed_time":0.2167833084,"remaining_time":8.454549028},
{"learn":[0.119083441],"iteration":25,"passed_time":0.2281036806,"remaining_time":8.545114805},
{"learn":[0.1184465265],"iteration":26,"passed_time":0.2472356638,"remaining_time":8.909640773},
{"learn":[0.1178213288],"iteration":27,"passed_time":0.2668698475,"remaining_time":9.264196136},
{"learn":[0.1172617823],"iteration":28,"passed_time":0.2790959688,"remaining_time":9.344902955},
{"learn":[0.1167715051],"iteration":29,"passed_time":0.2914006144,"remaining_time":9.4219532},
{"learn":[0.1163786883],"iteration":30,"passed_time":0.2999499638,"remaining_time":9.375855319},
{"learn":[0.1159776771],"iteration":31,"passed_time":0.3073675897,"remaining_time":9.297869589},
{"learn":[0.1156199198],"iteration":32,"passed_time":0.3144704341,"remaining_time":9.21493666},
{"learn":[0.1152643012],"iteration":33,"passed_time":0.3221817351,"remaining_time":9.153751649},
{"learn":[0.1149528555],"iteration":34,"passed_time":0.3296770178,"remaining_time":9.089666347},
{"learn":[0.1146972015],"iteration":35,"passed_time":0.3368836771,"remaining_time":9.020996242},
{"learn":[0.1144434518],"iteration":36,"passed_time":0.3450727275,"remaining_time":8.981217205},
{"learn":[0.1141721576],"iteration":37,"passed_time":0.3518352379,"remaining_time":8.906986813},
{"learn":[0.1139382757],"iteration":38,"passed_time":0.3588974677,"remaining_time":8.843601703},
{"learn":[0.1137476467],"iteration":39,"passed_time":0.3643285012,"remaining_time":8.74388403},
{"learn":[0.1136077355],"iteration":40,"passed_time":0.369392846,"remaining_time":8.640188763},
{"learn":[0.1133659524],"iteration":41,"passed_time":0.3749012623,"remaining_time":8.551319269},
{"learn":[0.113188827],"iteration":42,"passed_time":0.3795474432,"remaining_time":8.447137282},
{"learn":[0.1130600766],"iteration":43,"passed_time":0.3836298789,"remaining_time":8.335231006},
{"learn":[0.1128816738],"iteration":44,"passed_time":0.3881808826,"remaining_time":8.238060954},
{"learn":[0.1127368508],"iteration":45,"passed_time":0.3936652533,"remaining_time":8.164275036},
{"learn":[0.112604558],"iteration":46,"passed_time":0.398100382,"remaining_time":8.072120512},
{"learn":[0.11246701],"iteration":47,"passed_time":0.4041501382,"remaining_time":8.015644408},
{"learn":[0.1123506292],"iteration":48,"passed_time":0.410247427,"remaining_time":7.962149043},
{"learn":[0.1122589463],"iteration":49,"passed_time":0.4144703948,"remaining_time":7.874937502},
{"learn":[0.1121500757],"iteration":50,"passed_time":0.4209108581,"remaining_time":7.832243222},
{"learn":[0.1120368285],"iteration":51,"passed_time":0.4261232325,"remaining_time":7.768554316},
{"learn":[0.1118970397],"iteration":52,"passed_time":0.4304829524,"remaining_time":7.691836903},
{"learn":[0.1117928667],"iteration":53,"passed_time":0.4366046096,"remaining_time":7.648665939},
{"learn":[0.111694584],"iteration":54,"passed_time":0.4412324862,"remaining_time":7.581176355},
{"learn":[0.1115378451],"iteration":55,"passed_time":0.4456596983,"remaining_time":7.5125492},
{"learn":[0.111436499],"iteration":56,"passed_time":0.4518742998,"remaining_time":7.475744995},
{"learn":[0.1113661565],"iteration":57,"passed_time":0.4575668309,"remaining_time":7.43151646},
{"learn":[0.1112659245],"iteration":58,"passed_time":0.4653475805,"remaining_time":7.421899546},
{"learn":[0.1111782081],"iteration":59,"passed_time":0.4706866575,"remaining_time":7.374090968},
{"learn":[0.1110518978],"iteration":60,"passed_time":0.4762456956,"remaining_time":7.33106079},
{"learn":[0.1108826571],"iteration":61,"passed_time":0.4830992797,"remaining_time":7.308824586},
{"learn":[0.1107768616],"iteration":62,"passed_time":0.4884843366,"remaining_time":7.265235292},
{"learn":[0.1106965625],"iteration":63,"passed_time":0.4944313407,"remaining_time":7.231058357},
{"learn":[0.1106128977],"iteration":64,"passed_time":0.4994546613,"remaining_time":7.184463205},
{"learn":[0.1105477732],"iteration":65,"passed_time":0.5044740702,"remaining_time":7.139072448},
{"learn":[0.1104642013],"iteration":66,"passed_time":0.5107207604,"remaining_time":7.111977157},
{"learn":[0.1103725855],"iteration":67,"passed_time":0.5162722738,"remaining_time":7.075967047},
{"learn":[0.1103210329],"iteration":68,"passed_time":0.5216594001,"remaining_time":7.038621761},
{"learn":[0.1102480833],"iteration":69,"passed_time":0.5277451484,"remaining_time":7.011471257},
{"learn":[0.1101349442],"iteration":70,"passed_time":0.5330704401,"remaining_time":6.974963928},
{"learn":[0.1100996196],"iteration":71,"passed_time":0.5392258608,"remaining_time":6.950022206},
{"learn":[0.1100333535],"iteration":72,"passed_time":0.5456505709,"remaining_time":6.929014784},
{"learn":[0.1099577146],"iteration":73,"passed_time":0.5537951347,"remaining_time":6.929922902},
{"learn":[0.1099055362],"iteration":74,"passed_time":0.5697543387,"remaining_time":7.026970177},
{"learn":[0.1098504319],"iteration":75,"passed_time":0.5939125225,"remaining_time":7.220725932},
{"learn":[0.1097949058],"iteration":76,"passed_time":0.6456945775,"remaining_time":7.739949286},
{"learn":[0.1097263289],"iteration":77,"passed_time":0.6794315113,"remaining_time":8.03122889},
{"learn":[0.1096379156],"iteration":78,"passed_time":0.6980557851,"remaining_time":8.138093393},
{"learn":[0.109569117],"iteration":79,"passed_time":0.7278513596,"remaining_time":8.370290635},
{"learn":[0.1095174377],"iteration":80,"passed_time":0.7551914873,"remaining_time":8.568160208},
{"learn":[0.1094804696],"iteration":81,"passed_time":0.7705935802,"remaining_time":8.626889105},
{"learn":[0.1094384196],"iteration":82,"passed_time":0.7806603407,"remaining_time":8.624885933},
{"learn":[0.1093502832],"iteration":83,"passed_time":0.7896313112,"remaining_time":8.610741441},
{"learn":[0.1093021918],"iteration":84,"passed_time":0.7966782517,"remaining_time":8.576007062},
{"learn":[0.1092500264],"iteration":85,"passed_time":0.8073733995,"remaining_time":8.580689385},
{"learn":[0.1092071845],"iteration":86,"passed_time":0.8177666061,"remaining_time":8.581849556},
{"learn":[0.1091629041],"iteration":87,"passed_time":0.8270885215,"remaining_time":8.571644678},
{"learn":[0.1091027874],"iteration":88,"passed_time":0.8364855365,"remaining_time":8.562228357},
{"learn":[0.1090257591],"iteration":89,"passed_time":0.8428974551,"remaining_time":8.522629824},
{"learn":[0.1089741118],"iteration":90,"passed_time":0.849548648,"remaining_time":8.48615078},
{"learn":[0.1089417439],"iteration":91,"passed_time":0.8549376178,"remaining_time":8.437862575},
{"learn":[0.108885657],"iteration":92,"passed_time":0.8598587493,"remaining_time":8.385934254},
{"learn":[0.1088396616],"iteration":93,"passed_time":0.8648009934,"remaining_time":8.335209575},
{"learn":[0.1087910695],"iteration":94,"passed_time":0.8693164647,"remaining_time":8.281383164},
{"learn":[0.108759884],"iteration":95,"passed_time":0.8743036636,"remaining_time":8.233026166},
{"learn":[0.1087026593],"iteration":96,"passed_time":0.8793140367,"remaining_time":8.185779125},
{"learn":[0.1086667833],"iteration":97,"passed_time":0.8835903826,"remaining_time":8.132638011},
{"learn":[0.1086068855],"iteration":98,"passed_time":0.8886953741,"remaining_time":8.088025577},
{"learn":[0.1085772494],"iteration":99,"passed_time":0.8938813182,"remaining_time":8.044931864},
{"learn":[0.1084606714],"iteration":100,"passed_time":0.8985451373,"remaining_time":7.997941371},
{"learn":[0.1083851258],"iteration":101,"passed_time":0.9040160552,"remaining_time":7.958886446},
{"learn":[0.1083452812],"iteration":102,"passed_time":0.9098524857,"remaining_time":7.923666793},
{"learn":[0.1082446704],"iteration":103,"passed_time":0.9150095676,"remaining_time":7.883159352},
{"learn":[0.1081784672],"iteration":104,"passed_time":0.9209348011,"remaining_time":7.849872828},
{"learn":[0.1081519971],"iteration":105,"passed_time":0.927020757,"remaining_time":7.818458083},
{"learn":[0.1080852834],"iteration":106,"passed_time":0.9318986711,"remaining_time":7.777434704},
{"learn":[0.1080621036],"iteration":107,"passed_time":0.9364823333,"remaining_time":7.734650382},
{"learn":[0.10801871],"iteration":108,"passed_time":0.9418739572,"remaining_time":7.699171522},
{"learn":[0.1079806125],"iteration":109,"passed_time":0.9486928522,"remaining_time":7.675787622},
{"learn":[0.1079479615],"iteration":110,"passed_time":0.9538489874,"remaining_time":7.639385133},
{"learn":[0.1078806892],"iteration":111,"passed_time":0.9598977994,"remaining_time":7.610618267},
{"learn":[0.1078475049],"iteration":112,"passed_time":0.9650443897,"remaining_time":7.575171449},
{"learn":[0.1077978615],"iteration":113,"passed_time":0.9708361248,"remaining_time":7.545270233},
{"learn":[0.1077546928],"iteration":114,"passed_time":0.9760897959,"remaining_time":7.51164756},
{"learn":[0.1076916371],"iteration":115,"passed_time":0.9813890158,"remaining_time":7.47886112},
{"learn":[0.1076508165],"iteration":116,"passed_time":0.9872577128,"remaining_time":7.450842397},
{"learn":[0.1075949694],"iteration":117,"passed_time":0.9939731492,"remaining_time":7.429528115},
{"learn":[0.107561897],"iteration":118,"passed_time":0.9986857028,"remaining_time":7.393631127},
{"learn":[0.1075026123],"iteration":119,"passed_time":1.004200249,"remaining_time":7.364135159},
{"learn":[0.1074585477],"iteration":120,"passed_time":1.009548042,"remaining_time":7.333824204},
{"learn":[0.1074069256],"iteration":121,"passed_time":1.015036987,"remaining_time":7.304938319},
{"learn":[0.1073821628],"iteration":122,"passed_time":1.020745958,"remaining_time":7.278001672},
{"learn":[0.1073497679],"iteration":123,"passed_time":1.025976933,"remaining_time":7.248030588},
{"learn":[0.1073111577],"iteration":124,"passed_time":1.031791552,"remaining_time":7.222540865},
{"learn":[0.1072872129],"iteration":125,"passed_time":1.036897975,"remaining_time":7.192451032},
{"learn":[0.1072672176],"iteration":126,"passed_time":1.041792461,"remaining_time":7.161297784},
{"learn":[0.1072094133],"iteration":127,"passed_time":1.047496156,"remaining_time":7.136067564},
{"learn":[0.1071790861],"iteration":128,"passed_time":1.05252446,"remaining_time":7.106579882},
{"learn":[0.1071443346],"iteration":129,"passed_time":1.057662979,"remaining_time":7.078206091},
{"learn":[0.1071157435],"iteration":130,"passed_time":1.06361512,"remaining_time":7.055584267},
{"learn":[0.1070834978],"iteration":131,"passed_time":1.068596764,"remaining_time":7.026833263},
{"learn":[0.1070105175],"iteration":132,"passed_time":1.073820541,"remaining_time":7.000018115},
{"learn":[0.1069666057],"iteration":133,"passed_time":1.08307259,"remaining_time":6.999558677},
{"learn":[0.106936985],"iteration":134,"passed_time":1.095124605,"remaining_time":7.016909505},
{"learn":[0.1069055858],"iteration":135,"passed_time":1.110445885,"remaining_time":7.054597386},
{"learn":[0.1068761321],"iteration":136,"passed_time":1.126408691,"remaining_time":7.095552555},
{"learn":[0.1068418853],"iteration":137,"passed_time":1.145230456,"remaining_time":7.153540963},
{"learn":[0.1067896488],"iteration":138,"passed_time":1.155460973,"remaining_time":7.1572079},
{"learn":[0.1067141591],"iteration":139,"passed_time":1.168091778,"remaining_time":7.17542092},
{"learn":[0.1066808203],"iteration":140,"passed_time":1.185108014,"remaining_time":7.21991336},
{"learn":[0.1066392279],"iteration":141,"passed_time":1.203416663,"remaining_time":7.271348572},
{"learn":[0.1065990942],"iteration":142,"passed_time":1.220214307,"remaining_time":7.312752877},
{"learn":[0.1065311108],"iteration":143,"passed_time":1.240110066,"remaining_time":7.371765392},
{"learn":[0.1064876082],"iteration":144,"passed_time":1.257278286,"remaining_time":7.413606445},
{"learn":[0.1064521284],"iteration":145,"passed_time":1.2738874,"remaining_time":7.451368766},
{"learn":[0.1064012672],"iteration":146,"passed_time":1.289931843,"remaining_time":7.485114709},
{"learn":[0.1063464234],"iteration":147,"passed_time":1.306429397,"remaining_time":7.520796258},
{"learn":[0.1062865558],"iteration":148,"passed_time":1.327358264,"remaining_time":7.581086462},
{"learn":[0.1062506058],"iteration":149,"passed_time":1.342532172,"remaining_time":7.607682307},
{"learn":[0.1062068069],"iteration":150,"passed_time":1.355577678,"remaining_time":7.621757941},
{"learn":[0.1061805525],"iteration":151,"passed_time":1.361358754,"remaining_time":7.594948839},
{"learn":[0.1061620985],"iteration":152,"passed_time":1.366927899,"remaining_time":7.567241376},
{"learn":[0.1061255972],"iteration":153,"passed_time":1.372674151,"remaining_time":7.540794362},
{"learn":[0.1060930974],"iteration":154,"passed_time":1.378234364,"remaining_time":7.513600241},
{"learn":[0.1060619599],"iteration":155,"passed_time":1.384795771,"remaining_time":7.492100197},
{"learn":[0.1060097038],"iteration":156,"passed_time":1.390524174,"remaining_time":7.466317699},
{"learn":[0.1059597289],"iteration":157,"passed_time":1.400694267,"remaining_time":7.464459323},
{"learn":[0.1059221107],"iteration":158,"passed_time":1.409140395,"remaining_time":7.453377813},
{"learn":[0.1058676807],"iteration":159,"passed_time":1.416559407,"remaining_time":7.436936886},
{"learn":[0.1058125004],"iteration":160,"passed_time":1.4223772,"remaining_time":7.412263793},
{"learn":[0.1057839957],"iteration":161,"passed_time":1.430982231,"remaining_time":7.402241416},
{"learn":[0.105753255],"iteration":162,"passed_time":1.436447428,"remaining_time":7.376113478},
{"learn":[0.105715412],"iteration":163,"passed_time":1.442372395,"remaining_time":7.352581232},
{"learn":[0.1056640676],"iteration":164,"passed_time":1.450036648,"remaining_time":7.338064251},
{"learn":[0.1056467441],"iteration":165,"passed_time":1.456217527,"remaining_time":7.316177216},
{"learn":[0.10561864],"iteration":166,"passed_time":1.462173053,"remaining_time":7.293354212},
{"learn":[0.1055680491],"iteration":167,"passed_time":1.467943396,"remaining_time":7.269814916},
{"learn":[0.1055262668],"iteration":168,"passed_time":1.473711849,"remaining_time":7.246476605},
{"learn":[0.1054897086],"iteration":169,"passed_time":1.482384855,"remaining_time":7.237526055},
{"learn":[0.1054379493],"iteration":170,"passed_time":1.49041451,"remaining_time":7.225459818},
{"learn":[0.1054162949],"iteration":171,"passed_time":1.49836409,"remaining_time":7.213055039},
{"learn":[0.1053980065],"iteration":172,"passed_time":1.504101815,"remaining_time":7.190128329},
{"learn":[0.1053742939],"iteration":173,"passed_time":1.511144313,"remaining_time":7.173593118},
{"learn":[0.1053446217],"iteration":174,"passed_time":1.516772375,"remaining_time":7.150498339},
{"learn":[0.1053115469],"iteration":175,"passed_time":1.523136438,"remaining_time":7.131047871},
{"learn":[0.105280201],"iteration":176,"passed_time":1.530101482,"remaining_time":7.114539659},
{"learn":[0.1052308517],"iteration":177,"passed_time":1.535528287,"remaining_time":7.091035123},
{"learn":[0.1052097872],"iteration":178,"passed_time":1.541835313,"remaining_time":7.071769786},
{"learn":[0.1051881888],"iteration":179,"passed_time":1.547437509,"remaining_time":7.049437542},
{"learn":[0.1051406685],"iteration":180,"passed_time":1.553860715,"remaining_time":7.031005112},
{"learn":[0.1051018859],"iteration":181,"passed_time":1.559714435,"remaining_time":7.010145096},
{"learn":[0.1050579531],"iteration":182,"passed_time":1.56578932,"remaining_time":6.99043647},
{"learn":[0.1050278871],"iteration":183,"passed_time":1.574967904,"remaining_time":6.984640269},
{"learn":[0.1049919125],"iteration":184,"passed_time":1.591969481,"remaining_time":7.013270957},
{"learn":[0.1049621095],"iteration":185,"passed_time":1.615246476,"remaining_time":7.068874364},
{"learn":[0.1049460374],"iteration":186,"passed_time":1.635792422,"remaining_time":7.111760635},
{"learn":[0.1049234095],"iteration":187,"passed_time":1.653057754,"remaining_time":7.139802637},
{"learn":[0.1048819037],"iteration":188,"passed_time":1.695457291,"remaining_time":7.275216206},
{"learn":[0.1048487971],"iteration":189,"passed_time":1.712946813,"remaining_time":7.302562729},
{"learn":[0.104827345],"iteration":190,"passed_time":1.730051011,"remaining_time":7.327807684},
{"learn":[0.1047708052],"iteration":191,"passed_time":1.7590673,"remaining_time":7.402741553},
{"learn":[0.104737046],"iteration":192,"passed_time":1.775269511,"remaining_time":7.423018109},
{"learn":[0.1046923619],"iteration":193,"passed_time":1.792518314,"remaining_time":7.447266808},
{"learn":[0.10466148],"iteration":194,"passed_time":1.811007826,"remaining_time":7.476211796},
{"learn":[0.1046209402],"iteration":195,"passed_time":1.82709723,"remaining_time":7.494827415},
{"learn":[0.1045770484],"iteration":196,"passed_time":1.845642313,"remaining_time":7.523100392},
{"learn":[0.1045351512],"iteration":197,"passed_time":1.858938548,"remaining_time":7.529639975},
{"learn":[0.1044975763],"iteration":198,"passed_time":1.867191552,"remaining_time":7.515680571},
{"learn":[0.1044751192],"iteration":199,"passed_time":1.873849025,"remaining_time":7.495396101},
{"learn":[0.1044545923],"iteration":200,"passed_time":1.881404734,"remaining_time":7.478817822},
{"learn":[0.1044017833],"iteration":201,"passed_time":1.886792363,"remaining_time":7.453763891},
{"learn":[0.1043613824],"iteration":202,"passed_time":1.892176599,"remaining_time":7.42889039},
{"learn":[0.1043211715],"iteration":203,"passed_time":1.89781851,"remaining_time":7.405213401},
{"learn":[0.1042723558],"iteration":204,"passed_time":1.903707974,"remaining_time":7.382672386},
{"learn":[0.1042353886],"iteration":205,"passed_time":1.909361546,"remaining_time":7.359383821},
{"learn":[0.1041699262],"iteration":206,"passed_time":1.914917104,"remaining_time":7.335890163},
{"learn":[0.1041397758],"iteration":207,"passed_time":1.920233644,"remaining_time":7.311658875},
{"learn":[0.1040984871],"iteration":208,"passed_time":1.925826966,"remaining_time":7.288656125},
{"learn":[0.1040355222],"iteration":209,"passed_time":1.930423746,"remaining_time":7.262070282},
{"learn":[0.1040152224],"iteration":210,"passed_time":1.934565909,"remaining_time":7.2339929},
{"learn":[0.1039903743],"iteration":211,"passed_time":1.938967955,"remaining_time":7.207107303},
{"learn":[0.103920382],"iteration":212,"passed_time":1.944136452,"remaining_time":7.18326473},
{"learn":[0.1038875095],"iteration":213,"passed_time":1.949100324,"remaining_time":7.158845114},
{"learn":[0.1038391192],"iteration":214,"passed_time":1.954440941,"remaining_time":7.135982042},
{"learn":[0.1037770466],"iteration":215,"passed_time":1.959698684,"remaining_time":7.11298041},
{"learn":[0.1037447466],"iteration":216,"passed_time":1.964963101,"remaining_time":7.090166396},
{"learn":[0.1037260045],"iteration":217,"passed_time":1.969876769,"remaining_time":7.0662552},
{"learn":[0.1036789185],"iteration":218,"passed_time":1.974980566,"remaining_time":7.043195533},
{"learn":[0.1036330021],"iteration":219,"passed_time":1.980123397,"remaining_time":7.020437497},
{"learn":[0.1036145842],"iteration":220,"passed_time":1.985187487,"remaining_time":6.997561322},
{"learn":[0.1035940187],"iteration":221,"passed_time":1.990581321,"remaining_time":6.976001205},
{"learn":[0.1035407599],"iteration":222,"passed_time":1.996026994,"remaining_time":6.9547667},
{"learn":[0.103496189],"iteration":223,"passed_time":2.001195609,"remaining_time":6.932713358},
{"learn":[0.103461589],"iteration":224,"passed_time":2.007167103,"remaining_time":6.913575577},
{"learn":[0.1034019978],"iteration":225,"passed_time":2.012608057,"remaining_time":6.892737329},
{"learn":[0.1033815853],"iteration":226,"passed_time":2.017177037,"remaining_time":6.869065417},
{"learn":[0.1033438111],"iteration":227,"passed_time":2.022587518,"remaining_time":6.848410369},
{"learn":[0.1033190933],"iteration":228,"passed_time":2.027978422,"remaining_time":6.827822547},
{"learn":[0.1032901468],"iteration":229,"passed_time":2.034375772,"remaining_time":6.810736281},
{"learn":[0.1032648805],"iteration":230,"passed_time":2.03913496,"remaining_time":6.78828911},
{"learn":[0.1032290897],"iteration":231,"passed_time":2.044029266,"remaining_time":6.766441709},
{"learn":[0.1031632902],"iteration":232,"passed_time":2.049853827,"remaining_time":6.747802084},
{"learn":[0.1031269105],"iteration":233,"passed_time":2.054981136,"remaining_time":6.726989531},
{"learn":[0.103097792],"iteration":234,"passed_time":2.059982376,"remaining_time":6.705900076},
{"learn":[0.1030300114],"iteration":235,"passed_time":2.066210132,"remaining_time":6.688917546},
{"learn":[0.1029670558],"iteration":236,"passed_time":2.071774434,"remaining_time":6.669889844},
{"learn":[0.1029260597],"iteration":237,"passed_time":2.076903578,"remaining_time":6.649582045},
{"learn":[0.1029036564],"iteration":238,"passed_time":2.081950283,"remaining_time":6.629138768},
{"learn":[0.1028538641],"iteration":239,"passed_time":2.087475769,"remaining_time":6.610339936},
{"learn":[0.1028027836],"iteration":240,"passed_time":2.093231532,"remaining_time":6.592376484},
{"learn":[0.1027741235],"iteration":241,"passed_time":2.099162085,"remaining_time":6.575061407},
{"learn":[0.1027391923],"iteration":242,"passed_time":2.104987342,"remaining_time":6.557512006},
{"learn":[0.1026997144],"iteration":243,"passed_time":2.1142543,"remaining_time":6.550722338},
{"learn":[0.1026663966],"iteration":244,"passed_time":2.124675332,"remaining_time":6.547468879},
{"learn":[0.1026456338],"iteration":245,"passed_time":2.137517938,"remaining_time":6.551579372},
{"learn":[0.1025961229],"iteration":246,"passed_time":2.146986409,"remaining_time":6.545266258},
{"learn":[0.1025723061],"iteration":247,"passed_time":2.157567504,"remaining_time":6.542301463},
{"learn":[0.1025253854],"iteration":248,"passed_time":2.17241223,"remaining_time":6.552134877},
{"learn":[0.1024856917],"iteration":249,"passed_time":2.203404763,"remaining_time":6.61021429},
{"learn":[0.1024392564],"iteration":250,"passed_time":2.220448694,"remaining_time":6.625960445},
{"learn":[0.1023977829],"iteration":251,"passed_time":2.236365214,"remaining_time":6.638099921},
{"learn":[0.1023482418],"iteration":252,"passed_time":2.25342824,"remaining_time":6.653402749},
{"learn":[0.1023235645],"iteration":253,"passed_time":2.269216239,"remaining_time":6.664705962},
{"learn":[0.1022679602],"iteration":254,"passed_time":2.287463892,"remaining_time":6.682982742},
{"learn":[0.1022320102],"iteration":255,"passed_time":2.297795663,"remaining_time":6.677968647},
{"learn":[0.1021791496],"iteration":256,"passed_time":2.313563217,"remaining_time":6.68862829},
{"learn":[0.1021485708],"iteration":257,"passed_time":2.326007523,"remaining_time":6.689525513},
{"learn":[0.1021179226],"iteration":258,"passed_time":2.33599315,"remaining_time":6.683285421},
{"learn":[0.1020699595],"iteration":259,"passed_time":2.343882847,"remaining_time":6.671051179},
{"learn":[0.1020317236],"iteration":260,"passed_time":2.356085779,"remaining_time":6.6710628},
{"learn":[0.1020006915],"iteration":261,"passed_time":2.365089626,"remaining_time":6.661970016},
{"learn":[0.1019751691],"iteration":262,"passed_time":2.372207662,"remaining_time":6.647593333},
{"learn":[0.1019151013],"iteration":263,"passed_time":2.379513007,"remaining_time":6.633793836},
{"learn":[0.1018885786],"iteration":264,"passed_time":2.388367869,"remaining_time":6.62434107},
{"learn":[0.1018309006],"iteration":265,"passed_time":2.395920953,"remaining_time":6.611300674},
{"learn":[0.1018049773],"iteration":266,"passed_time":2.402921245,"remaining_time":6.596783792},
{"learn":[0.1017757945],"iteration":267,"passed_time":2.410680503,"remaining_time":6.584396},
{"learn":[0.1017587135],"iteration":268,"passed_time":2.418134933,"remaining_time":6.571214261},
{"learn":[0.101716614],"iteration":269,"passed_time":2.423553975,"remaining_time":6.552571857},
{"learn":[0.1016654587],"iteration":270,"passed_time":2.429225068,"remaining_time":6.534705073},
{"learn":[0.1016240359],"iteration":271,"passed_time":2.435568836,"remaining_time":6.518728356},
{"learn":[0.1016076847],"iteration":272,"passed_time":2.440708882,"remaining_time":6.499616693},
{"learn":[0.1015850765],"iteration":273,"passed_time":2.446825383,"remaining_time":6.483194263},
{"learn":[0.10156344],"iteration":274,"passed_time":2.452244789,"remaining_time":6.465008988},
{"learn":[0.1015346395],"iteration":275,"passed_time":2.458119517,"remaining_time":6.448110618},
{"learn":[0.1015078013],"iteration":276,"passed_time":2.463945383,"remaining_time":6.431164302},
{"learn":[0.101469205],"iteration":277,"passed_time":2.469792188,"remaining_time":6.414352372},
{"learn":[0.1014185823],"iteration":278,"passed_time":2.475687917,"remaining_time":6.397745477},
{"learn":[0.1013935089],"iteration":279,"passed_time":2.481287853,"remaining_time":6.38045448},
{"learn":[0.101371125],"iteration":280,"passed_time":2.486642157,"remaining_time":6.362618187},
{"learn":[0.1013417882],"iteration":281,"passed_time":2.492557267,"remaining_time":6.346298289},
{"learn":[0.1013126899],"iteration":282,"passed_time":2.498968304,"remaining_time":6.331308389},
{"learn":[0.1012921935],"iteration":283,"passed_time":2.507253974,"remaining_time":6.32110509},
{"learn":[0.1012651467],"iteration":284,"passed_time":2.516448423,"remaining_time":6.313195165},
{"learn":[0.1012311078],"iteration":285,"passed_time":2.523523482,"remaining_time":6.299985196},
{"learn":[0.1012107934],"iteration":286,"passed_time":2.530565772,"remaining_time":6.286736569},
{"learn":[0.1011840462],"iteration":287,"passed_time":2.538195375,"remaining_time":6.274983011},
{"learn":[0.1011610526],"iteration":288,"passed_time":2.545412885,"remaining_time":6.262244158},
{"learn":[0.1011350927],"iteration":289,"passed_time":2.553019595,"remaining_time":6.250496249},
{"learn":[0.10109944],"iteration":290,"passed_time":2.563921879,"remaining_time":6.246806227},
{"learn":[0.1010628129],"iteration":291,"passed_time":2.578199679,"remaining_time":6.251251277},
{"learn":[0.1010377479],"iteration":292,"passed_time":2.592712649,"remaining_time":6.256135983},
{"learn":[0.1010096181],"iteration":293,"passed_time":2.609576623,"remaining_time":6.266534339},
{"learn":[0.1009720996],"iteration":294,"passed_time":2.626157479,"remaining_time":6.276071263},
{"learn":[0.100936077],"iteration":295,"passed_time":2.637460026,"remaining_time":6.272877899},
{"learn":[0.1009027379],"iteration":296,"passed_time":2.648295441,"remaining_time":6.268524226},
{"learn":[0.1008844221],"iteration":297,"passed_time":2.659723618,"remaining_time":6.265523422},
{"learn":[0.1008364728],"iteration":298,"passed_time":2.670263613,"remaining_time":6.260383923},
{"learn":[0.1008126403],"iteration":299,"passed_time":2.678168354,"remaining_time":6.249059492},
{"learn":[0.1007849031],"iteration":300,"passed_time":2.688522627,"remaining_time":6.243446234},
{"learn":[0.1007516446],"iteration":301,"passed_time":2.698492189,"remaining_time":6.236912409},
{"learn":[0.1007060723],"iteration":302,"passed_time":2.707311639,"remaining_time":6.227710273},
{"learn":[0.1006834479],"iteration":303,"passed_time":2.715189175,"remaining_time":6.216354165},
{"learn":[0.1006458872],"iteration":304,"passed_time":2.72174801,"remaining_time":6.202015956},
{"learn":[0.1006187405],"iteration":305,"passed_time":2.7277008,"remaining_time":6.186354103},
{"learn":[0.1005812707],"iteration":306,"passed_time":2.73450153,"remaining_time":6.172669577},
{"learn":[0.1005599183],"iteration":307,"passed_time":2.74487027,"remaining_time":6.16704619},
{"learn":[0.1005388796],"iteration":308,"passed_time":2.754254325,"remaining_time":6.159190092},
{"learn":[0.1005054153],"iteration":309,"passed_time":2.770249606,"remaining_time":6.166039445},
{"learn":[0.1004858668],"iteration":310,"passed_time":2.79415924,"remaining_time":6.190275616},
{"learn":[0.1004531149],"iteration":311,"passed_time":2.802019391,"remaining_time":6.17881199},
{"learn":[0.1004192702],"iteration":312,"passed_time":2.808237321,"remaining_time":6.1637669},
{"learn":[0.1003931626],"iteration":313,"passed_time":2.815009691,"remaining_time":6.149989325},
{"learn":[0.1003699897],"iteration":314,"passed_time":2.820672098,"remaining_time":6.1338425},
{"learn":[0.100348981],"iteration":315,"passed_time":2.827685537,"remaining_time":6.120686415},
{"learn":[0.1003263871],"iteration":316,"passed_time":2.833533579,"remaining_time":6.105058152},
{"learn":[0.1002787742],"iteration":317,"passed_time":2.840543915,"remaining_time":6.09198412},
{"learn":[0.1002435671],"iteration":318,"passed_time":2.84704927,"remaining_time":6.077870071},
{"learn":[0.1002178075],"iteration":319,"passed_time":2.853144931,"remaining_time":6.062932979},
{"learn":[0.1001869628],"iteration":320,"passed_time":2.860437764,"remaining_time":6.050583307},
{"learn":[0.1001685027],"iteration":321,"passed_time":2.86677995,"remaining_time":6.036263374},
{"learn":[0.100137339],"iteration":322,"passed_time":2.874520241,"remaining_time":6.02492323},
{"learn":[0.1001084631],"iteration":323,"passed_time":2.881009347,"remaining_time":6.010994811},
{"learn":[0.1000764221],"iteration":324,"passed_time":2.889668281,"remaining_time":6.001618737},
{"learn":[0.1000578046],"iteration":325,"passed_time":2.897498256,"remaining_time":5.990533203},
{"learn":[0.1000119584],"iteration":326,"passed_time":2.907195302,"remaining_time":5.983310208},
{"learn":[0.09997709371],"iteration":327,"passed_time":2.915323434,"remaining_time":5.972857766},
{"learn":[0.0999390999],"iteration":328,"passed_time":2.924176573,"remaining_time":5.963898118},
{"learn":[0.09991349425],"iteration":329,"passed_time":2.931438899,"remaining_time":5.95170928},
{"learn":[0.09989291448],"iteration":330,"passed_time":2.938354051,"remaining_time":5.938848519},
{"learn":[0.09987115312],"iteration":331,"passed_time":2.944434309,"remaining_time":5.92434373},
{"learn":[0.09985209637],"iteration":332,"passed_time":2.951567598,"remaining_time":5.911998761},
{"learn":[0.09983760941],"iteration":333,"passed_time":2.957763851,"remaining_time":5.897816542},
{"learn":[0.09980561053],"iteration":334,"passed_time":2.965522572,"remaining_time":5.886783614},
{"learn":[0.09977798788],"iteration":335,"passed_time":2.972488508,"remaining_time":5.87420348},
{"learn":[0.09974930397],"iteration":336,"passed_time":2.980232286,"remaining_time":5.86318696},
{"learn":[0.09973253706],"iteration":337,"passed_time":2.988494189,"remaining_time":5.853204596},
{"learn":[0.09970416155],"iteration":338,"passed_time":3.004748708,"remaining_time":5.858816802},
{"learn":[0.09967045183],"iteration":339,"passed_time":3.020973083,"remaining_time":5.864241867},
{"learn":[0.09963941003],"iteration":340,"passed_time":3.03734558,"remaining_time":5.869826209},
{"learn":[0.09961524645],"iteration":341,"passed_time":3.052936111,"remaining_time":5.873777663},
{"learn":[0.0995992787],"iteration":342,"passed_time":3.063547058,"remaining_time":5.868077017},
{"learn":[0.0995730107],"iteration":343,"passed_time":3.073773343,"remaining_time":5.861614283},
{"learn":[0.09953305857],"iteration":344,"passed_time":3.083042654,"remaining_time":5.853312865},
{"learn":[0.09950799872],"iteration":345,"passed_time":3.090652196,"remaining_time":5.841868601},
{"learn":[0.09947218816],"iteration":346,"passed_time":3.099895334,"remaining_time":5.833520613},
{"learn":[0.09943890781],"iteration":347,"passed_time":3.106176861,"remaining_time":5.819618716},
{"learn":[0.09941751324],"iteration":348,"passed_time":3.115816086,"remaining_time":5.812023702},
{"learn":[0.09936380842],"iteration":349,"passed_time":3.126325763,"remaining_time":5.806033559},
{"learn":[0.0993330813],"iteration":350,"passed_time":3.13260466,"remaining_time":5.792194941},
{"learn":[0.09930364226],"iteration":351,"passed_time":3.139039542,"remaining_time":5.77868643},
{"learn":[0.0992723949],"iteration":352,"passed_time":3.145517018,"remaining_time":5.765296065},
{"learn":[0.09923326897],"iteration":353,"passed_time":3.151926416,"remaining_time":5.751820522},
{"learn":[0.09920483051],"iteration":354,"passed_time":3.16025353,"remaining_time":5.741869089},
{"learn":[0.09918690081],"iteration":355,"passed_time":3.165729708,"remaining_time":5.726769472},
{"learn":[0.09913229821],"iteration":356,"passed_time":3.172603835,"remaining_time":5.714241641},
{"learn":[0.09908882621],"iteration":357,"passed_time":3.178251374,"remaining_time":5.699545761},
{"learn":[0.09907076842],"iteration":358,"passed_time":3.184024007,"remaining_time":5.685123644},
{"learn":[0.09901364732],"iteration":359,"passed_time":3.190643352,"remaining_time":5.672254847},
{"learn":[0.09897109892],"iteration":360,"passed_time":3.196205337,"remaining_time":5.657549059},
{"learn":[0.09895635147],"iteration":361,"passed_time":3.200826168,"remaining_time":5.641235069},
{"learn":[0.09893612688],"iteration":362,"passed_time":3.20547549,"remaining_time":5.625035502},
{"learn":[0.09891204113],"iteration":363,"passed_time":3.210259197,"remaining_time":5.609134201},
{"learn":[0.09887743187],"iteration":364,"passed_time":3.215029208,"remaining_time":5.593269991},
{"learn":[0.09885440333],"iteration":365,"passed_time":3.219903756,"remaining_time":5.577647491},
{"learn":[0.09883902696],"iteration":366,"passed_time":3.224212306,"remaining_time":5.561107328},
{"learn":[0.09882819422],"iteration":367,"passed_time":3.228786559,"remaining_time":5.54508996},
{"learn":[0.09878608582],"iteration":368,"passed_time":3.233708599,"remaining_time":5.529729339},
{"learn":[0.09877023734],"iteration":369,"passed_time":3.237845933,"remaining_time":5.513089022},
{"learn":[0.09874926145],"iteration":370,"passed_time":3.242348218,"remaining_time":5.497134849},
{"learn":[0.09870754864],"iteration":371,"passed_time":3.247837491,"remaining_time":5.482908453},
{"learn":[0.09867394438],"iteration":372,"passed_time":3.253149535,"remaining_time":5.468430988},
{"learn":[0.09866209916],"iteration":373,"passed_time":3.259340755,"remaining_time":5.455474098},
{"learn":[0.09863100603],"iteration":374,"passed_time":3.265374013,"remaining_time":5.442290021},
{"learn":[0.09861865689],"iteration":375,"passed_time":3.270848409,"remaining_time":5.428216509},
{"learn":[0.09858770837],"iteration":376,"passed_time":3.276258539,"remaining_time":5.414082413},
{"learn":[0.09857511602],"iteration":377,"passed_time":3.282543129,"remaining_time":5.401433402},
{"learn":[0.09856021002],"iteration":378,"passed_time":3.289605964,"remaining_time":5.390093149},
{"learn":[0.09854261616],"iteration":379,"passed_time":3.297609916,"remaining_time":5.380310915},
{"learn":[0.09851517164],"iteration":380,"passed_time":3.306753619,"remaining_time":5.372389738},
{"learn":[0.09849701501],"iteration":381,"passed_time":3.315827032,"remaining_time":5.364348444},
{"learn":[0.09847819829],"iteration":382,"passed_time":3.323164132,"remaining_time":5.35350462},
{"learn":[0.09846294088],"iteration":383,"passed_time":3.33251116,"remaining_time":5.345903319},
{"learn":[0.09844429484],"iteration":384,"passed_time":3.340576721,"remaining_time":5.33624593},
{"learn":[0.09840794018],"iteration":385,"passed_time":3.349146186,"remaining_time":5.327398337},
{"learn":[0.09838147298],"iteration":386,"passed_time":3.365666773,"remaining_time":5.331146594},
{"learn":[0.09836537766],"iteration":387,"passed_time":3.383416885,"remaining_time":5.336729726},
{"learn":[0.09835029445],"iteration":388,"passed_time":3.401821543,"remaining_time":5.343220985},
{"learn":[0.09831886635],"iteration":389,"passed_time":3.419713342,"remaining_time":5.348782407},
{"learn":[0.09828646077],"iteration":390,"passed_time":3.440138518,"remaining_time":5.358169712},
{"learn":[0.0982663166],"iteration":391,"passed_time":3.456648054,"remaining_time":5.361331676},
{"learn":[0.09824186274],"iteration":392,"passed_time":3.473949969,"remaining_time":5.365617382},
{"learn":[0.09821984291],"iteration":393,"passed_time":3.49014503,"remaining_time":5.368091087},
{"learn":[0.09819684396],"iteration":394,"passed_time":3.505924039,"remaining_time":5.369833023},
{"learn":[0.09817842438],"iteration":395,"passed_time":3.517770271,"remaining_time":5.365487989},
{"learn":[0.09813630443],"iteration":396,"passed_time":3.52650824,"remaining_time":5.356384053},
{"learn":[0.09810696521],"iteration":397,"passed_time":3.535024128,"remaining_time":5.346946043},
{"learn":[0.09808157225],"iteration":398,"passed_time":3.54295379,"remaining_time":5.336629644},
{"learn":[0.09805355064],"iteration":399,"passed_time":3.549972156,"remaining_time":5.324958235},
{"learn":[0.09800836492],"iteration":400,"passed_time":3.556815687,"remaining_time":5.31304887},
{"learn":[0.09798335524],"iteration":401,"passed_time":3.563154756,"remaining_time":5.300414289},
{"learn":[0.0979706222],"iteration":402,"passed_time":3.569999579,"remaining_time":5.28856017},
{"learn":[0.09795718865],"iteration":403,"passed_time":3.575449148,"remaining_time":5.274672506},
{"learn":[0.09793009103],"iteration":404,"passed_time":3.581055181,"remaining_time":5.261056378},
{"learn":[0.09789241126],"iteration":405,"passed_time":3.586782071,"remaining_time":5.247656527},
{"learn":[0.09785915897],"iteration":406,"passed_time":3.591828316,"remaining_time":5.233302681},
{"learn":[0.09784373215],"iteration":407,"passed_time":3.596804745,"remaining_time":5.21889316},
{"learn":[0.09780981006],"iteration":408,"passed_time":3.601925791,"remaining_time":5.204738735},
{"learn":[0.09778475576],"iteration":409,"passed_time":3.607124997,"remaining_time":5.190740849},
{"learn":[0.097765991],"iteration":410,"passed_time":3.611795523,"remaining_time":5.176028134},
{"learn":[0.09774595579],"iteration":411,"passed_time":3.616186312,"remaining_time":5.160964931},
{"learn":[0.09772210505],"iteration":412,"passed_time":3.620428609,"remaining_time":5.145742357},
{"learn":[0.09770433595],"iteration":413,"passed_time":3.625215039,"remaining_time":5.131343027},
{"learn":[0.09767947229],"iteration":414,"passed_time":3.631530132,"remaining_time":5.119144884},
{"learn":[0.09765603396],"iteration":415,"passed_time":3.637218422,"remaining_time":5.106095092},
{"learn":[0.09763240546],"iteration":416,"passed_time":3.643291269,"remaining_time":5.093618248},
{"learn":[0.09761973641],"iteration":417,"passed_time":3.648454349,"remaining_time":5.079905338},
{"learn":[0.09760698103],"iteration":418,"passed_time":3.653313619,"remaining_time":5.065811964},
{"learn":[0.09759058462],"iteration":419,"passed_time":3.657608038,"remaining_time":5.050982529},
{"learn":[0.09757018165],"iteration":420,"passed_time":3.662151099,"remaining_time":5.036545099},
{"learn":[0.09754710366],"iteration":421,"passed_time":3.666610184,"remaining_time":5.022039541},
{"learn":[0.09752688026],"iteration":422,"passed_time":3.67098603,"remaining_time":5.007467942},
{"learn":[0.09751120951],"iteration":423,"passed_time":3.675516574,"remaining_time":4.993154591},
{"learn":[0.0974918904],"iteration":424,"passed_time":3.679518004,"remaining_time":4.978171418},
{"learn":[0.09747629248],"iteration":425,"passed_time":3.683657894,"remaining_time":4.963426364},
{"learn":[0.09746304731],"iteration":426,"passed_time":3.687895176,"remaining_time":4.948861677},
{"learn":[0.09743550999],"iteration":427,"passed_time":3.692383342,"remaining_time":4.934680541},
{"learn":[0.0974120762],"iteration":428,"passed_time":3.696518416,"remaining_time":4.920074628},
{"learn":[0.09738700347],"iteration":429,"passed_time":3.701302132,"remaining_time":4.906377245},
{"learn":[0.09736080151],"iteration":430,"passed_time":3.706720983,"remaining_time":4.89355972},
{"learn":[0.09733814801],"iteration":431,"passed_time":3.711736154,"remaining_time":4.880245685},
{"learn":[0.09730550442],"iteration":432,"passed_time":3.717252486,"remaining_time":4.867626235},
{"learn":[0.09728472292],"iteration":433,"passed_time":3.722841787,"remaining_time":4.85513468},
{"learn":[0.09726808327],"iteration":434,"passed_time":3.72858864,"remaining_time":4.842879498},
{"learn":[0.09722921313],"iteration":435,"passed_time":3.73383225,"remaining_time":4.830003185},
{"learn":[0.09720920908],"iteration":436,"passed_time":3.739266083,"remaining_time":4.817406876},
{"learn":[0.09717455421],"iteration":437,"passed_time":3.74843148,"remaining_time":4.809631259},
{"learn":[0.09714071103],"iteration":438,"passed_time":3.760368872,"remaining_time":4.805391657},
{"learn":[0.0971124206],"iteration":439,"passed_time":3.777773578,"remaining_time":4.808075463},
{"learn":[0.09709245799],"iteration":440,"passed_time":3.800149796,"remaining_time":4.816969922},
{"learn":[0.0970554993],"iteration":441,"passed_time":3.830407372,"remaining_time":4.835672655},
{"learn":[0.09703523804],"iteration":442,"passed_time":3.862929391,"remaining_time":4.857001514},
{"learn":[0.09699829057],"iteration":443,"passed_time":3.881947517,"remaining_time":4.861177521},
{"learn":[0.09697318173],"iteration":444,"passed_time":3.926130419,"remaining_time":4.896634568},
{"learn":[0.0969308161],"iteration":445,"passed_time":3.943256283,"remaining_time":4.898125517},
{"learn":[0.09691574501],"iteration":446,"passed_time":3.965495122,"remaining_time":4.905858618},
{"learn":[0.09689461767],"iteration":447,"passed_time":4.002569219,"remaining_time":4.931737074},
{"learn":[0.09685402247],"iteration":448,"passed_time":4.041410722,"remaining_time":4.959504026},
{"learn":[0.09682373231],"iteration":449,"passed_time":4.050543863,"remaining_time":4.950664721},
{"learn":[0.09680321676],"iteration":450,"passed_time":4.057053093,"remaining_time":4.93863004},
{"learn":[0.09679224833],"iteration":451,"passed_time":4.063264023,"remaining_time":4.926258151},
{"learn":[0.0967714688],"iteration":452,"passed_time":4.068765538,"remaining_time":4.913056842},
{"learn":[0.09673390992],"iteration":453,"passed_time":4.07482221,"remaining_time":4.900557107},
{"learn":[0.09671872622],"iteration":454,"passed_time":4.080633771,"remaining_time":4.887792099},
{"learn":[0.0966841451],"iteration":455,"passed_time":4.086232207,"remaining_time":4.874803335},
{"learn":[0.09667065307],"iteration":456,"passed_time":4.091624304,"remaining_time":4.861601745},
{"learn":[0.09665775905],"iteration":457,"passed_time":4.096646383,"remaining_time":4.847996375},
{"learn":[0.09664344355],"iteration":458,"passed_time":4.101365127,"remaining_time":4.834070879},
{"learn":[0.09662128503],"iteration":459,"passed_time":4.106197748,"remaining_time":4.820319095},
{"learn":[0.09658909014],"iteration":460,"passed_time":4.111011165,"remaining_time":4.806583553},
{"learn":[0.0965575863],"iteration":461,"passed_time":4.116800059,"remaining_time":4.794022579},
{"learn":[0.09654555717],"iteration":462,"passed_time":4.121294687,"remaining_time":4.779989735},
{"learn":[0.09651667679],"iteration":463,"passed_time":4.126067679,"remaining_time":4.76631956},
{"learn":[0.09649595911],"iteration":464,"passed_time":4.130220415,"remaining_time":4.751974026},
{"learn":[0.09646516078],"iteration":465,"passed_time":4.134521996,"remaining_time":4.737842802},
{"learn":[0.09644402243],"iteration":466,"passed_time":4.13939244,"remaining_time":4.724402934},
{"learn":[0.09642627064],"iteration":467,"passed_time":4.143418536,"remaining_time":4.710039874},
{"learn":[0.0963937829],"iteration":468,"passed_time":4.147979555,"remaining_time":4.696326532},
{"learn":[0.09635702384],"iteration":469,"passed_time":4.152080161,"remaining_time":4.682132948},
{"learn":[0.09632788996],"iteration":470,"passed_time":4.156627709,"remaining_time":4.668484199},
{"learn":[0.09628581286],"iteration":471,"passed_time":4.160873424,"remaining_time":4.654536372},
{"learn":[0.09624773696],"iteration":472,"passed_time":4.165168879,"remaining_time":4.640684988},
{"learn":[0.09622235621],"iteration":473,"passed_time":4.1697639,"remaining_time":4.627206353},
{"learn":[0.09620208266],"iteration":474,"passed_time":4.174401064,"remaining_time":4.613811702},
{"learn":[0.09617579972],"iteration":475,"passed_time":4.179064014,"remaining_time":4.600482234},
{"learn":[0.09615181083],"iteration":476,"passed_time":4.183385975,"remaining_time":4.586815231},
{"learn":[0.09613855761],"iteration":477,"passed_time":4.187642125,"remaining_time":4.573115459},
{"learn":[0.09612497036],"iteration":478,"passed_time":4.192224729,"remaining_time":4.559810195},
{"learn":[0.096101753],"iteration":479,"passed_time":4.197598383,"remaining_time":4.547398249},
{"learn":[0.09608017335],"iteration":480,"passed_time":4.203469483,"remaining_time":4.535552311},
{"learn":[0.09605989852],"iteration":481,"passed_time":4.208227403,"remaining_time":4.522534844},
{"learn":[0.09603927717],"iteration":482,"passed_time":4.213218458,"remaining_time":4.509801123},
{"learn":[0.09602440399],"iteration":483,"passed_time":4.218613032,"remaining_time":4.497529596},
{"learn":[0.09600742291],"iteration":484,"passed_time":4.223736389,"remaining_time":4.484998433},
{"learn":[0.09599067785],"iteration":485,"passed_time":4.229071734,"remaining_time":4.472721958},
{"learn":[0.09596470908],"iteration":486,"passed_time":4.234500187,"remaining_time":4.460572065},
{"learn":[0.0959416181],"iteration":487,"passed_time":4.239910194,"remaining_time":4.448430367},
{"learn":[0.09592562715],"iteration":488,"passed_time":4.245050214,"remaining_time":4.436034068},
{"learn":[0.09590868562],"iteration":489,"passed_time":4.251668366,"remaining_time":4.42520585},
{"learn":[0.09589520911],"iteration":490,"passed_time":4.262283708,"remaining_time":4.418538507},
{"learn":[0.09586612244],"iteration":491,"passed_time":4.270881208,"remaining_time":4.409771654},
{"learn":[0.09585513161],"iteration":492,"passed_time":4.277960957,"remaining_time":4.399444635},
{"learn":[0.09583269027],"iteration":493,"passed_time":4.285756137,"remaining_time":4.389863573},
{"learn":[0.09581688468],"iteration":494,"passed_time":4.293859311,"remaining_time":4.380603943},
{"learn":[0.09579987624],"iteration":495,"passed_time":4.306406293,"remaining_time":4.375864459},
{"learn":[0.09578521185],"iteration":496,"passed_time":4.323317668,"remaining_time":4.375510638},
{"learn":[0.09577516599],"iteration":497,"passed_time":4.339101143,"remaining_time":4.373953361},
{"learn":[0.09576004418],"iteration":498,"passed_time":4.355672657,"remaining_time":4.373130263},
{"learn":[0.09574449301],"iteration":499,"passed_time":4.377279036,"remaining_time":4.377279036},
{"learn":[0.09571158283],"iteration":500,"passed_time":4.395051329,"remaining_time":4.377506214},
{"learn":[0.09569010005],"iteration":501,"passed_time":4.418888135,"remaining_time":4.383677871},
{"learn":[0.09566122628],"iteration":502,"passed_time":4.432358016,"remaining_time":4.379486946},
{"learn":[0.09564189278],"iteration":503,"passed_time":4.441656237,"remaining_time":4.371153757},
{"learn":[0.09560929727],"iteration":504,"passed_time":4.451813808,"remaining_time":4.363659079},
{"learn":[0.09558669641],"iteration":505,"passed_time":4.461603526,"remaining_time":4.355794747},
{"learn":[0.09556638529],"iteration":506,"passed_time":4.471332424,"remaining_time":4.347863679},
{"learn":[0.0955469048],"iteration":507,"passed_time":4.480387961,"remaining_time":4.33927338},
{"learn":[0.09552420384],"iteration":508,"passed_time":4.488790263,"remaining_time":4.330051118},
{"learn":[0.09549028298],"iteration":509,"passed_time":4.496780424,"remaining_time":4.320436094},
{"learn":[0.09547200181],"iteration":510,"passed_time":4.504358341,"remaining_time":4.310432933},
{"learn":[0.09545273008],"iteration":511,"passed_time":4.512349728,"remaining_time":4.300833335},
{"learn":[0.09542682595],"iteration":512,"passed_time":4.520046909,"remaining_time":4.290960711},
{"learn":[0.0954133316],"iteration":513,"passed_time":4.526118416,"remaining_time":4.279559436},
{"learn":[0.09539591708],"iteration":514,"passed_time":4.532888944,"remaining_time":4.268837161},
{"learn":[0.09538611856],"iteration":515,"passed_time":4.537771257,"remaining_time":4.256359086},
{"learn":[0.0953726426],"iteration":516,"passed_time":4.542368104,"remaining_time":4.243643702},
{"learn":[0.09536352405],"iteration":517,"passed_time":4.547689178,"remaining_time":4.23163356},
{"learn":[0.09533855824],"iteration":518,"passed_time":4.553973994,"remaining_time":4.220542372},
{"learn":[0.09531183784],"iteration":519,"passed_time":4.559725359,"remaining_time":4.208977255},
{"learn":[0.09527965485],"iteration":520,"passed_time":4.564638179,"remaining_time":4.196663508},
{"learn":[0.09526720812],"iteration":521,"passed_time":4.568847875,"remaining_time":4.183734261},
{"learn":[0.09525287348],"iteration":522,"passed_time":4.573892043,"remaining_time":4.171599435},
{"learn":[0.0952407155],"iteration":523,"passed_time":4.57816143,"remaining_time":4.158787864},
{"learn":[0.09521732489],"iteration":524,"passed_time":4.582472357,"remaining_time":4.146046419},
{"learn":[0.09520807931],"iteration":525,"passed_time":4.586742111,"remaining_time":4.133299925},
{"learn":[0.09518010482],"iteration":526,"passed_time":4.591493837,"remaining_time":4.121018188},
{"learn":[0.09516742899],"iteration":527,"passed_time":4.595650979,"remaining_time":4.108233451},
{"learn":[0.0951439901],"iteration":528,"passed_time":4.600250894,"remaining_time":4.09587556},
{"learn":[0.09513439226],"iteration":529,"passed_time":4.604669079,"remaining_time":4.083385787},
{"learn":[0.09511537229],"iteration":530,"passed_time":4.608747282,"remaining_time":4.07062613},
{"learn":[0.09509121191],"iteration":531,"passed_time":4.613275252,"remaining_time":4.05829477},
{"learn":[0.09507703486],"iteration":532,"passed_time":4.618541312,"remaining_time":4.046639386},
{"learn":[0.09505761555],"iteration":533,"passed_time":4.624177693,"remaining_time":4.035331095},
{"learn":[0.09504628772],"iteration":534,"passed_time":4.628446925,"remaining_time":4.022855739},
{"learn":[0.09502382791],"iteration":535,"passed_time":4.633693139,"remaining_time":4.011256747},
{"learn":[0.09499041629],"iteration":536,"passed_time":4.639998353,"remaining_time":4.000594483},
{"learn":[0.09495596781],"iteration":537,"passed_time":4.645435058,"remaining_time":3.989202596},
{"learn":[0.09492695947],"iteration":538,"passed_time":4.651054941,"remaining_time":3.977989476},
{"learn":[0.09490724184],"iteration":539,"passed_time":4.656718435,"remaining_time":3.966834222},
{"learn":[0.09486834587],"iteration":540,"passed_time":4.662406808,"remaining_time":3.955720378},
{"learn":[0.0948383319],"iteration":541,"passed_time":4.668961698,"remaining_time":3.945358778},
{"learn":[0.09481167833],"iteration":542,"passed_time":4.674975497,"remaining_time":3.934555805},
{"learn":[0.09478732592],"iteration":543,"passed_time":4.68107564,"remaining_time":3.923842816},
{"learn":[0.09477320875],"iteration":544,"passed_time":4.686914503,"remaining_time":3.912928622},
{"learn":[0.09476170741],"iteration":545,"passed_time":4.694263482,"remaining_time":3.903288683},
{"learn":[0.09473930822],"iteration":546,"passed_time":4.703473541,"remaining_time":3.895198381},
{"learn":[0.09472870184],"iteration":547,"passed_time":4.710614131,"remaining_time":3.885397057},
{"learn":[0.09471629883],"iteration":548,"passed_time":4.725591663,"remaining_time":3.882043424},
{"learn":[0.09470548884],"iteration":549,"passed_time":4.758774232,"remaining_time":3.893542553},
{"learn":[0.09468458966],"iteration":550,"passed_time":4.790635423,"remaining_time":3.903802731},
{"learn":[0.09466835937],"iteration":551,"passed_time":4.809124746,"remaining_time":3.903057765},
{"learn":[0.09465609259],"iteration":552,"passed_time":4.831299134,"remaining_time":3.905227329},
{"learn":[0.09464386133],"iteration":553,"passed_time":4.848521559,"remaining_time":3.90332241},
{"learn":[0.09462728285],"iteration":554,"passed_time":4.880204734,"remaining_time":3.912956949},
{"learn":[0.09460718979],"iteration":555,"passed_time":4.898238447,"remaining_time":3.911542933},
{"learn":[0.09457925094],"iteration":556,"passed_time":4.908642933,"remaining_time":3.904001471},
{"learn":[0.09454594085],"iteration":557,"passed_time":4.916844463,"remaining_time":3.894704753},
{"learn":[0.09453399729],"iteration":558,"passed_time":4.925977842,"remaining_time":3.886147099},
{"learn":[0.09451149573],"iteration":559,"passed_time":4.933609147,"remaining_time":3.876407187},
{"learn":[0.09448675257],"iteration":560,"passed_time":4.940841382,"remaining_time":3.866362508},
{"learn":[0.09446296651],"iteration":561,"passed_time":4.946752979,"remaining_time":3.855298585},
{"learn":[0.09443404432],"iteration":562,"passed_time":4.952303752,"remaining_time":3.843972894},
{"learn":[0.09441004334],"iteration":563,"passed_time":4.958257456,"remaining_time":3.832979168},
{"learn":[0.09439786041],"iteration":564,"passed_time":4.963515601,"remaining_time":3.821467764},
{"learn":[0.09436924795],"iteration":565,"passed_time":4.968703313,"remaining_time":3.809924448},
{"learn":[0.09435222545],"iteration":566,"passed_time":4.974170378,"remaining_time":3.798616885},
{"learn":[0.09433922897],"iteration":567,"passed_time":4.979467782,"remaining_time":3.787200848},
{"learn":[0.0943121469],"iteration":568,"passed_time":4.98475127,"remaining_time":3.775795778},
{"learn":[0.09429129416],"iteration":569,"passed_time":4.989444435,"remaining_time":3.763966854},
{"learn":[0.0942768081],"iteration":570,"passed_time":4.994562731,"remaining_time":3.752482332},
{"learn":[0.09426588001],"iteration":571,"passed_time":4.999250347,"remaining_time":3.740697812},
{"learn":[0.09424976592],"iteration":572,"passed_time":5.004979431,"remaining_time":3.729714166},
{"learn":[0.09423939441],"iteration":573,"passed_time":5.009466425,"remaining_time":3.717826998},
{"learn":[0.09422532514],"iteration":574,"passed_time":5.014448411,"remaining_time":3.706331434},
{"learn":[0.09420836883],"iteration":575,"passed_time":5.021062953,"remaining_time":3.696060229},
{"learn":[0.0941944386],"iteration":576,"passed_time":5.026818866,"remaining_time":3.685172236},
{"learn":[0.09416229281],"iteration":577,"passed_time":5.033220955,"remaining_time":3.674773777},
{"learn":[0.09413793123],"iteration":578,"passed_time":5.039486468,"remaining_time":3.664289815},
{"learn":[0.09412072511],"iteration":579,"passed_time":5.045128479,"remaining_time":3.653368898},
{"learn":[0.09410440434],"iteration":580,"passed_time":5.051428154,"remaining_time":3.642940441},
{"learn":[0.09408689449],"iteration":581,"passed_time":5.056618431,"remaining_time":3.631729389},
{"learn":[0.09407186007],"iteration":582,"passed_time":5.062323028,"remaining_time":3.620906866},
{"learn":[0.09405409705],"iteration":583,"passed_time":5.069779873,"remaining_time":3.611350047},
{"learn":[0.09402967623],"iteration":584,"passed_time":5.076631908,"remaining_time":3.601371354},
{"learn":[0.09401980723],"iteration":585,"passed_time":5.083632011,"remaining_time":3.591507939},
{"learn":[0.09399695473],"iteration":586,"passed_time":5.089378403,"remaining_time":3.580772198},
{"learn":[0.09398426701],"iteration":587,"passed_time":5.095914773,"remaining_time":3.57060695},
{"learn":[0.09396895017],"iteration":588,"passed_time":5.101880276,"remaining_time":3.560055676},
{"learn":[0.09394674241],"iteration":589,"passed_time":5.107239918,"remaining_time":3.549098926},
{"learn":[0.09393499751],"iteration":590,"passed_time":5.112968364,"remaining_time":3.538416347},
{"learn":[0.09391826575],"iteration":591,"passed_time":5.118373403,"remaining_time":3.527527616},
{"learn":[0.09390663099],"iteration":592,"passed_time":5.123854484,"remaining_time":3.51670957},
{"learn":[0.09389280034],"iteration":593,"passed_time":5.129774387,"remaining_time":3.506209429},
{"learn":[0.09386626246],"iteration":594,"passed_time":5.135384514,"remaining_time":3.495513829},
{"learn":[0.09384984762],"iteration":595,"passed_time":5.142530611,"remaining_time":3.485876455},
{"learn":[0.0938309083],"iteration":596,"passed_time":5.148778301,"remaining_time":3.475640963},
{"learn":[0.0938087743],"iteration":597,"passed_time":5.157911714,"remaining_time":3.467358711},
{"learn":[0.09379061439],"iteration":598,"passed_time":5.165291874,"remaining_time":3.457899903},
{"learn":[0.09377354299],"iteration":599,"passed_time":5.175974787,"remaining_time":3.450649858},
{"learn":[0.09375541925],"iteration":600,"passed_time":5.185454354,"remaining_time":3.442589496},
{"learn":[0.09373369652],"iteration":601,"passed_time":5.195967883,"remaining_time":3.435208002},
{"learn":[0.0937016449],"iteration":602,"passed_time":5.232779643,"remaining_time":3.445130213},
{"learn":[0.09368457212],"iteration":603,"passed_time":5.251098436,"remaining_time":3.442773147},
{"learn":[0.09366101018],"iteration":604,"passed_time":5.272453554,"remaining_time":3.442345709},
{"learn":[0.09364567657],"iteration":605,"passed_time":5.291570799,"remaining_time":3.440394216},
{"learn":[0.0936372836],"iteration":606,"passed_time":5.302367655,"remaining_time":3.432999157},
{"learn":[0.09362355325],"iteration":607,"passed_time":5.311339503,"remaining_time":3.424416259},
{"learn":[0.09360160364],"iteration":608,"passed_time":5.321951798,"remaining_time":3.416885309},
{"learn":[0.09359031402],"iteration":609,"passed_time":5.330566383,"remaining_time":3.408067032},
{"learn":[0.09357676516],"iteration":610,"passed_time":5.338078734,"remaining_time":3.398547672},
{"learn":[0.09356036878],"iteration":611,"passed_time":5.345641724,"remaining_time":3.389066975},
{"learn":[0.09354019822],"iteration":612,"passed_time":5.354572849,"remaining_time":3.380456268},
{"learn":[0.09352765182],"iteration":613,"passed_time":5.361824968,"remaining_time":3.370788986},
{"learn":[0.09350459217],"iteration":614,"passed_time":5.369745775,"remaining_time":3.361548168},
{"learn":[0.09348615729],"iteration":615,"passed_time":5.377491852,"remaining_time":3.352202713},
{"learn":[0.0934819039],"iteration":616,"passed_time":5.383561435,"remaining_time":3.341821766},
{"learn":[0.09344996804],"iteration":617,"passed_time":5.389123827,"remaining_time":3.331141265},
{"learn":[0.09342293124],"iteration":618,"passed_time":5.394954281,"remaining_time":3.320642296},
{"learn":[0.09338893444],"iteration":619,"passed_time":5.400839999,"remaining_time":3.310192257},
{"learn":[0.09337216626],"iteration":620,"passed_time":5.406220628,"remaining_time":3.29944866},
{"learn":[0.09335631664],"iteration":621,"passed_time":5.41133783,"remaining_time":3.288562219},
{"learn":[0.0933390888],"iteration":622,"passed_time":5.416809431,"remaining_time":3.277908757},
{"learn":[0.0933269844],"iteration":623,"passed_time":5.421483562,"remaining_time":3.266791377},
{"learn":[0.09331374393],"iteration":624,"passed_time":5.425653034,"remaining_time":3.25539182},
{"learn":[0.09330442074],"iteration":625,"passed_time":5.430996676,"remaining_time":3.244716864},
{"learn":[0.09328441657],"iteration":626,"passed_time":5.436668143,"remaining_time":3.234253935},
{"learn":[0.09326939501],"iteration":627,"passed_time":5.441827752,"remaining_time":3.223503063},
{"learn":[0.09323694673],"iteration":628,"passed_time":5.446563602,"remaining_time":3.212520026},
{"learn":[0.09321960408],"iteration":629,"passed_time":5.451422845,"remaining_time":3.20162929},
{"learn":[0.09319723615],"iteration":630,"passed_time":5.456919165,"remaining_time":3.191130225},
{"learn":[0.09317485461],"iteration":631,"passed_time":5.462360166,"remaining_time":3.18061478},
{"learn":[0.09315583508],"iteration":632,"passed_time":5.466762386,"remaining_time":3.169513105},
{"learn":[0.09314175608],"iteration":633,"passed_time":5.471194062,"remaining_time":3.158449569},
{"learn":[0.09312068114],"iteration":634,"passed_time":5.476476679,"remaining_time":3.147896044},
{"learn":[0.09310961069],"iteration":635,"passed_time":5.480791312,"remaining_time":3.136805091},
{"learn":[0.09309400065],"iteration":636,"passed_time":5.485264657,"remaining_time":3.125825857},
{"learn":[0.09307739447],"iteration":637,"passed_time":5.490264542,"remaining_time":3.115165775},
{"learn":[0.09305035112],"iteration":638,"passed_time":5.495823446,"remaining_time":3.104839224},
{"learn":[0.09303404332],"iteration":639,"passed_time":5.501105832,"remaining_time":3.09437203},
{"learn":[0.09301975469],"iteration":640,"passed_time":5.507223656,"remaining_time":3.084388912},
{"learn":[0.09301174543],"iteration":641,"passed_time":5.512182045,"remaining_time":3.073771296},
{"learn":[0.09298628846],"iteration":642,"passed_time":5.517338387,"remaining_time":3.063281189},
{"learn":[0.09297375895],"iteration":643,"passed_time":5.525817026,"remaining_time":3.054644195},
{"learn":[0.09296318721],"iteration":644,"passed_time":5.531838068,"remaining_time":3.044655061},
{"learn":[0.09294680191],"iteration":645,"passed_time":5.540002695,"remaining_time":3.03585287},
{"learn":[0.09293559023],"iteration":646,"passed_time":5.546165825,"remaining_time":3.025960643},
{"learn":[0.09291726701],"iteration":647,"passed_time":5.554326229,"remaining_time":3.017164865},
{"learn":[0.09288266708],"iteration":648,"passed_time":5.561476721,"remaining_time":3.007824852},
{"learn":[0.09287541026],"iteration":649,"passed_time":5.568806353,"remaining_time":2.998588036},
{"learn":[0.09285280505],"iteration":650,"passed_time":5.5752868,"remaining_time":2.988901833},
{"learn":[0.0928260123],"iteration":651,"passed_time":5.598188613,"remaining_time":2.987990241},
{"learn":[0.09281828421],"iteration":652,"passed_time":5.641971235,"remaining_time":2.998107226},
{"learn":[0.09280155355],"iteration":653,"passed_time":5.662228839,"remaining_time":2.995613422},
{"learn":[0.09279344411],"iteration":654,"passed_time":5.679261884,"remaining_time":2.991366947},
{"learn":[0.0927697866],"iteration":655,"passed_time":5.700272327,"remaining_time":2.989167196},
{"learn":[0.09275442291],"iteration":656,"passed_time":5.725589561,"remaining_time":2.989158629},
{"learn":[0.09273582073],"iteration":657,"passed_time":5.735119155,"remaining_time":2.980867403},
{"learn":[0.0927104342],"iteration":658,"passed_time":5.743401521,"remaining_time":2.971927039},
{"learn":[0.09269070603],"iteration":659,"passed_time":5.750682842,"remaining_time":2.962472979},
{"learn":[0.09267075757],"iteration":660,"passed_time":5.757889273,"remaining_time":2.952987086},
{"learn":[0.09264618891],"iteration":661,"passed_time":5.765716763,"remaining_time":2.943825175},
{"learn":[0.09263372382],"iteration":662,"passed_time":5.772683444,"remaining_time":2.934229745},
{"learn":[0.0925996505],"iteration":663,"passed_time":5.78029536,"remaining_time":2.924968737},
{"learn":[0.09257636903],"iteration":664,"passed_time":5.790749584,"remaining_time":2.917144528},
{"learn":[0.09255516994],"iteration":665,"passed_time":5.798030034,"remaining_time":2.907720768},
{"learn":[0.09252720086],"iteration":666,"passed_time":5.805617622,"remaining_time":2.898456774},
{"learn":[0.09250669816],"iteration":667,"passed_time":5.812421454,"remaining_time":2.888808268},
{"learn":[0.09248656296],"iteration":668,"passed_time":5.818668194,"remaining_time":2.878892634},
{"learn":[0.09246134747],"iteration":669,"passed_time":5.82518407,"remaining_time":2.869120512},
{"learn":[0.09244596221],"iteration":670,"passed_time":5.831332162,"remaining_time":2.859177767},
{"learn":[0.09243086507],"iteration":671,"passed_time":5.838526478,"remaining_time":2.849756971},
{"learn":[0.09241924417],"iteration":672,"passed_time":5.845280499,"remaining_time":2.84012886},
{"learn":[0.09240325048],"iteration":673,"passed_time":5.853937072,"remaining_time":2.831429504},
{"learn":[0.0923891147],"iteration":674,"passed_time":5.86257416,"remaining_time":2.822720892},
{"learn":[0.09237638694],"iteration":675,"passed_time":5.870249709,"remaining_time":2.813551636},
{"learn":[0.09234854986],"iteration":676,"passed_time":5.8790895,"remaining_time":2.804942258},
{"learn":[0.0923320458],"iteration":677,"passed_time":5.884350846,"remaining_time":2.794632703},
{"learn":[0.09231940545],"iteration":678,"passed_time":5.889813164,"remaining_time":2.784433027},
{"learn":[0.09229865155],"iteration":679,"passed_time":5.895043465,"remaining_time":2.774138101},
{"learn":[0.09228761133],"iteration":680,"passed_time":5.899233464,"remaining_time":2.763370742},
{"learn":[0.09226336931],"iteration":681,"passed_time":5.903770653,"remaining_time":2.752784557},
{"learn":[0.0922407981],"iteration":682,"passed_time":5.908614675,"remaining_time":2.742358495},
{"learn":[0.092229721],"iteration":683,"passed_time":5.912896423,"remaining_time":2.731688991},
{"learn":[0.09221285254],"iteration":684,"passed_time":5.91744272,"remaining_time":2.721159791},
{"learn":[0.09220333732],"iteration":685,"passed_time":5.922041425,"remaining_time":2.710672022},
{"learn":[0.09218507148],"iteration":686,"passed_time":5.926980549,"remaining_time":2.700356495},
{"learn":[0.09216606657],"iteration":687,"passed_time":5.9318943,"remaining_time":2.690045089},
{"learn":[0.09214106117],"iteration":688,"passed_time":5.937231422,"remaining_time":2.679940453},
{"learn":[0.09212101021],"iteration":689,"passed_time":5.94230251,"remaining_time":2.669730113},
{"learn":[0.09209510444],"iteration":690,"passed_time":5.948676662,"remaining_time":2.660117349},
{"learn":[0.09206754147],"iteration":691,"passed_time":5.954782255,"remaining_time":2.650394414},
{"learn":[0.09204066306],"iteration":692,"passed_time":5.96112155,"remaining_time":2.640785448},
{"learn":[0.09202697961],"iteration":693,"passed_time":5.967429897,"remaining_time":2.63117226},
{"learn":[0.09201436293],"iteration":694,"passed_time":5.97275743,"remaining_time":2.621138153},
{"learn":[0.09199666951],"iteration":695,"passed_time":5.978595352,"remaining_time":2.611340499},
{"learn":[0.09198333887],"iteration":696,"passed_time":5.984196903,"remaining_time":2.601451451},
{"learn":[0.09196355092],"iteration":697,"passed_time":5.989733624,"remaining_time":2.591546639},
{"learn":[0.0919460145],"iteration":698,"passed_time":5.996596023,"remaining_time":2.582225183},
{"learn":[0.09192862013],"iteration":699,"passed_time":6.002335664,"remaining_time":2.57242957},
{"learn":[0.09191865524],"iteration":700,"passed_time":6.008306821,"remaining_time":2.562744279},
{"learn":[0.0919007081],"iteration":701,"passed_time":6.016494768,"remaining_time":2.554010599},
{"learn":[0.09188097193],"iteration":702,"passed_time":6.027470105,"remaining_time":2.546456076},
{"learn":[0.09186416644],"iteration":703,"passed_time":6.045587389,"remaining_time":2.541894698},
{"learn":[0.0918568648],"iteration":704,"passed_time":6.064630366,"remaining_time":2.53768221},
{"learn":[0.09184191753],"iteration":705,"passed_time":6.083496576,"remaining_time":2.533354098},
{"learn":[0.0918084862],"iteration":706,"passed_time":6.104785079,"remaining_time":2.529988725},
{"learn":[0.09178801726],"iteration":707,"passed_time":6.125626667,"remaining_time":2.526388399},
{"learn":[0.09177476596],"iteration":708,"passed_time":6.143874842,"remaining_time":2.521675006},
{"learn":[0.09173789735],"iteration":709,"passed_time":6.161829801,"remaining_time":2.516803721},
{"learn":[0.09170450172],"iteration":710,"passed_time":6.177123408,"remaining_time":2.510813875},
{"learn":[0.09169456581],"iteration":711,"passed_time":6.190586181,"remaining_time":2.504057332},
{"learn":[0.09168457533],"iteration":712,"passed_time":6.205651943,"remaining_time":2.49792722},
{"learn":[0.09167670259],"iteration":713,"passed_time":6.219174249,"remaining_time":2.491153831},
{"learn":[0.0916636217],"iteration":714,"passed_time":6.22904673,"remaining_time":2.482906739},
{"learn":[0.09165299624],"iteration":715,"passed_time":6.237092903,"remaining_time":2.473930704},
{"learn":[0.09164490967],"iteration":716,"passed_time":6.2433936,"remaining_time":2.464268325},
{"learn":[0.09163092146],"iteration":717,"passed_time":6.249779161,"remaining_time":2.45464864},
{"learn":[0.09161829894],"iteration":718,"passed_time":6.255857657,"remaining_time":2.444917944},
{"learn":[0.09160611354],"iteration":719,"passed_time":6.261660385,"remaining_time":2.43509015},
{"learn":[0.09159027986],"iteration":720,"passed_time":6.267791708,"remaining_time":2.425400675},
{"learn":[0.09157827664],"iteration":721,"passed_time":6.27306128,"remaining_time":2.415389246},
{"learn":[0.09156344424],"iteration":722,"passed_time":6.278865695,"remaining_time":2.405595847},
{"learn":[0.09155056585],"iteration":723,"passed_time":6.283966072,"remaining_time":2.395545077},
{"learn":[0.09152011434],"iteration":724,"passed_time":6.288562077,"remaining_time":2.38531665},
{"learn":[0.09149578611],"iteration":725,"passed_time":6.293206205,"remaining_time":2.375121901},
{"learn":[0.09148095137],"iteration":726,"passed_time":6.297737402,"remaining_time":2.364900015},
{"learn":[0.09146432817],"iteration":727,"passed_time":6.3026291,"remaining_time":2.354828455},
{"learn":[0.09145058802],"iteration":728,"passed_time":6.307124155,"remaining_time":2.344623657},
{"learn":[0.09143125701],"iteration":729,"passed_time":6.311948168,"remaining_time":2.334556172},
{"learn":[0.09140331457],"iteration":730,"passed_time":6.317404291,"remaining_time":2.324735642},
{"learn":[0.09138555028],"iteration":731,"passed_time":6.322955378,"remaining_time":2.314961805},
{"learn":[0.09137053889],"iteration":732,"passed_time":6.328110169,"remaining_time":2.305055137},
{"learn":[0.09135897113],"iteration":733,"passed_time":6.332302544,"remaining_time":2.294812639},
{"learn":[0.0913361298],"iteration":734,"passed_time":6.337031475,"remaining_time":2.284780056},
{"learn":[0.09132337497],"iteration":735,"passed_time":6.341207668,"remaining_time":2.27456362},
{"learn":[0.09129497124],"iteration":736,"passed_time":6.345489306,"remaining_time":2.264401204},
{"learn":[0.09128772301],"iteration":737,"passed_time":6.349387793,"remaining_time":2.254118701},
{"learn":[0.09127575581],"iteration":738,"passed_time":6.354403387,"remaining_time":2.244248016},
{"learn":[0.09125023204],"iteration":739,"passed_time":6.360146866,"remaining_time":2.234646196},
{"learn":[0.09124248128],"iteration":740,"passed_time":6.365314015,"remaining_time":2.224853347},
{"learn":[0.09122739667],"iteration":741,"passed_time":6.370386349,"remaining_time":2.215039998},
{"learn":[0.09121552339],"iteration":742,"passed_time":6.375598449,"remaining_time":2.205287754},
{"learn":[0.09119513474],"iteration":743,"passed_time":6.381014683,"remaining_time":2.195617955},
{"learn":[0.09117845887],"iteration":744,"passed_time":6.386461485,"remaining_time":2.185970039},
{"learn":[0.09115282923],"iteration":745,"passed_time":6.392256262,"remaining_time":2.176451864},
{"learn":[0.09113717092],"iteration":746,"passed_time":6.397789467,"remaining_time":2.166855067},
{"learn":[0.09111981084],"iteration":747,"passed_time":6.402845718,"remaining_time":2.15710845},
{"learn":[0.09110536337],"iteration":748,"passed_time":6.40842542,"remaining_time":2.147549774},
{"learn":[0.09108984867],"iteration":749,"passed_time":6.413881835,"remaining_time":2.137960612},
{"learn":[0.09105789043],"iteration":750,"passed_time":6.419677606,"remaining_time":2.128494972},
{"learn":[0.09104336923],"iteration":751,"passed_time":6.425688658,"remaining_time":2.119110089},
{"learn":[0.09102553386],"iteration":752,"passed_time":6.431294427,"remaining_time":2.109601226},
{"learn":[0.09100372171],"iteration":753,"passed_time":6.437878278,"remaining_time":2.100421826},
{"learn":[0.09098333398],"iteration":754,"passed_time":6.444806056,"remaining_time":2.091360905},
{"learn":[0.09097279291],"iteration":755,"passed_time":6.451737946,"remaining_time":2.082306956},
{"learn":[0.0909398261],"iteration":756,"passed_time":6.459548619,"remaining_time":2.073540706},
{"learn":[0.09092192316],"iteration":757,"passed_time":6.467412259,"remaining_time":2.064793887},
{"learn":[0.09090980964],"iteration":758,"passed_time":6.474343344,"remaining_time":2.055753288},
{"learn":[0.0909006153],"iteration":759,"passed_time":6.483750663,"remaining_time":2.047500209},
{"learn":[0.09088680501],"iteration":760,"passed_time":6.493394382,"remaining_time":2.039318341},
{"learn":[0.09086648646],"iteration":761,"passed_time":6.507943667,"remaining_time":2.03266482},
{"learn":[0.0908474937],"iteration":762,"passed_time":6.523225732,"remaining_time":2.026218216},
{"learn":[0.09082425322],"iteration":763,"passed_time":6.548004003,"remaining_time":2.022681865},
{"learn":[0.09081294428],"iteration":764,"passed_time":6.563438389,"remaining_time":2.016219636},
{"learn":[0.09080309645],"iteration":765,"passed_time":6.580335647,"remaining_time":2.010180863},
{"learn":[0.09077897393],"iteration":766,"passed_time":6.59111183,"remaining_time":2.002254311},
{"learn":[0.09076622598],"iteration":767,"passed_time":6.601445318,"remaining_time":1.994186606},
{"learn":[0.09074191689],"iteration":768,"passed_time":6.612370613,"remaining_time":1.986290782},
{"learn":[0.09073475287],"iteration":769,"passed_time":6.621901797,"remaining_time":1.977970667},
{"learn":[0.09071297748],"iteration":770,"passed_time":6.635729814,"remaining_time":1.970923641},
{"learn":[0.09069832679],"iteration":771,"passed_time":6.646103104,"remaining_time":1.962838741},
{"learn":[0.09068554493],"iteration":772,"passed_time":6.654075093,"remaining_time":1.954042751},
{"learn":[0.09066532814],"iteration":773,"passed_time":6.662858317,"remaining_time":1.945485762},
{"learn":[0.09064556926],"iteration":774,"passed_time":6.670245311,"remaining_time":1.936522832},
{"learn":[0.09062786427],"iteration":775,"passed_time":6.678705396,"remaining_time":1.927873723},
{"learn":[0.09060420066],"iteration":776,"passed_time":6.687464418,"remaining_time":1.919310895},
{"learn":[0.09058631768],"iteration":777,"passed_time":6.695558388,"remaining_time":1.910557792},
{"learn":[0.0905785355],"iteration":778,"passed_time":6.701697155,"remaining_time":1.901251696},
{"learn":[0.09057107901],"iteration":779,"passed_time":6.708135587,"remaining_time":1.892038243},
{"learn":[0.09054715922],"iteration":780,"passed_time":6.71384043,"remaining_time":1.88262619},
{"learn":[0.09053321767],"iteration":781,"passed_time":6.719315489,"remaining_time":1.873159561},
{"learn":[0.09051149766],"iteration":782,"passed_time":6.725127126,"remaining_time":1.863796406},
{"learn":[0.09049645107],"iteration":783,"passed_time":6.730911124,"remaining_time":1.854434698},
{"learn":[0.0904691004],"iteration":784,"passed_time":6.737671651,"remaining_time":1.845349561},
{"learn":[0.09045881709],"iteration":785,"passed_time":6.742888355,"remaining_time":1.83585001},
{"learn":[0.09043696873],"iteration":786,"passed_time":6.748476767,"remaining_time":1.826461946},
{"learn":[0.09042778633],"iteration":787,"passed_time":6.754131804,"remaining_time":1.81710145},
{"learn":[0.09042064706],"iteration":788,"passed_time":6.759140137,"remaining_time":1.8075774},
{"learn":[0.0904113517],"iteration":789,"passed_time":6.764053022,"remaining_time":1.798039411},
{"learn":[0.09039788895],"iteration":790,"passed_time":6.76981188,"remaining_time":1.788736641},
{"learn":[0.0903883505],"iteration":791,"passed_time":6.775033935,"remaining_time":1.779301842},
{"learn":[0.09036517198],"iteration":792,"passed_time":6.780545012,"remaining_time":1.769953112},
{"learn":[0.09035324383],"iteration":793,"passed_time":6.786324197,"remaining_time":1.760683608},
{"learn":[0.09033888164],"iteration":794,"passed_time":6.791768105,"remaining_time":1.75133643},
{"learn":[0.09032935859],"iteration":795,"passed_time":6.797022347,"remaining_time":1.741950451},
{"learn":[0.09031230269],"iteration":796,"passed_time":6.802641834,"remaining_time":1.73266787},
{"learn":[0.09029370059],"iteration":797,"passed_time":6.808094456,"remaining_time":1.723352231},
{"learn":[0.09028249644],"iteration":798,"passed_time":6.81345145,"remaining_time":1.714022205},
{"learn":[0.09027110653],"iteration":799,"passed_time":6.819825054,"remaining_time":1.704956263},
{"learn":[0.0902634935],"iteration":800,"passed_time":6.826319778,"remaining_time":1.695927136},
{"learn":[0.09025014694],"iteration":801,"passed_time":6.836191766,"remaining_time":1.687738117},
{"learn":[0.09023512528],"iteration":802,"passed_time":6.854308113,"remaining_time":1.681567495},
{"learn":[0.0902121348],"iteration":803,"passed_time":6.875181934,"remaining_time":1.676039377},
{"learn":[0.09019011665],"iteration":804,"passed_time":6.885803453,"remaining_time":1.667989656},
{"learn":[0.09018392462],"iteration":805,"passed_time":6.911507567,"remaining_time":1.663563856},
{"learn":[0.09017362022],"iteration":806,"passed_time":6.928968141,"remaining_time":1.657113818},
{"learn":[0.09015108548],"iteration":807,"passed_time":6.947290321,"remaining_time":1.650841264},
{"learn":[0.09013674808],"iteration":808,"passed_time":6.965359762,"remaining_time":1.644479252},
{"learn":[0.0901260832],"iteration":809,"passed_time":6.981262429,"remaining_time":1.637580076},
{"learn":[0.09011833159],"iteration":810,"passed_time":6.996067403,"remaining_time":1.630402884},
{"learn":[0.09010215447],"iteration":811,"passed_time":7.011749994,"remaining_time":1.623410097},
{"learn":[0.09008186358],"iteration":812,"passed_time":7.027527677,"remaining_time":1.616417805},
{"learn":[0.09004964089],"iteration":813,"passed_time":7.042988803,"remaining_time":1.609331594},
{"learn":[0.09002831034],"iteration":814,"passed_time":7.05043241,"remaining_time":1.600404903},
{"learn":[0.09001954905],"iteration":815,"passed_time":7.057793263,"remaining_time":1.591463187},
{"learn":[0.0900060107],"iteration":816,"passed_time":7.06388525,"remaining_time":1.582241127},
{"learn":[0.08999296656],"iteration":817,"passed_time":7.070828776,"remaining_time":1.573216182},
{"learn":[0.08997892073],"iteration":818,"passed_time":7.076105358,"remaining_time":1.563827924},
{"learn":[0.08995316539],"iteration":819,"passed_time":7.08161415,"remaining_time":1.554500667},
{"learn":[0.08992519823],"iteration":820,"passed_time":7.088413372,"remaining_time":1.54546406},
{"learn":[0.08990548689],"iteration":821,"passed_time":7.093884818,"remaining_time":1.536145374},
{"learn":[0.08988526727],"iteration":822,"passed_time":7.099729711,"remaining_time":1.526916353},
{"learn":[0.08987091768],"iteration":823,"passed_time":7.105032109,"remaining_time":1.517579674},
{"learn":[0.08986101526],"iteration":824,"passed_time":7.110049938,"remaining_time":1.508192411},
{"learn":[0.08983952363],"iteration":825,"passed_time":7.115969598,"remaining_time":1.499005702},
{"learn":[0.08982294977],"iteration":826,"passed_time":7.120331996,"remaining_time":1.489501131},
{"learn":[0.0898138594],"iteration":827,"passed_time":7.124693218,"remaining_time":1.480008736},
{"learn":[0.08980030456],"iteration":828,"passed_time":7.130125482,"remaining_time":1.470749647},
{"learn":[0.08979198309],"iteration":829,"passed_time":7.136614943,"remaining_time":1.461716314},
{"learn":[0.08977775335],"iteration":830,"passed_time":7.142612924,"remaining_time":1.452589151},
{"learn":[0.08976616461],"iteration":831,"passed_time":7.148950545,"remaining_time":1.443538091},
{"learn":[0.08975469789],"iteration":832,"passed_time":7.154542847,"remaining_time":1.434344124},
{"learn":[0.08973136726],"iteration":833,"passed_time":7.161459625,"remaining_time":1.425422419},
{"learn":[0.08972104156],"iteration":834,"passed_time":7.166494372,"remaining_time":1.416133618},
{"learn":[0.08971585658],"iteration":835,"passed_time":7.170961331,"remaining_time":1.40674361},
{"learn":[0.08971109899],"iteration":836,"passed_time":7.176900088,"remaining_time":1.397651988},
{"learn":[0.08969647812],"iteration":837,"passed_time":7.181750172,"remaining_time":1.388357432},
{"learn":[0.08967677937],"iteration":838,"passed_time":7.187622779,"remaining_time":1.379269687},
{"learn":[0.0896607655],"iteration":839,"passed_time":7.193913191,"remaining_time":1.370269179},
{"learn":[0.08963622533],"iteration":840,"passed_time":7.199702867,"remaining_time":1.361180447},
{"learn":[0.08961904892],"iteration":841,"passed_time":7.205979247,"remaining_time":1.35219088},
{"learn":[0.08960304967],"iteration":842,"passed_time":7.211742762,"remaining_time":1.343112234},
{"learn":[0.08957720947],"iteration":843,"passed_time":7.217679847,"remaining_time":1.334073526},
{"learn":[0.08956239338],"iteration":844,"passed_time":7.223950524,"remaining_time":1.32510335},
{"learn":[0.08953431887],"iteration":845,"passed_time":7.229846912,"remaining_time":1.316071424},
{"learn":[0.0895264841],"iteration":846,"passed_time":7.238039548,"remaining_time":1.307461689},
{"learn":[0.08952007226],"iteration":847,"passed_time":7.24485552,"remaining_time":1.298606178},
{"learn":[0.08950696168],"iteration":848,"passed_time":7.252922591,"remaining_time":1.289977987},
{"learn":[0.08948833814],"iteration":849,"passed_time":7.260871935,"remaining_time":1.281330341},
{"learn":[0.08947012617],"iteration":850,"passed_time":7.270965127,"remaining_time":1.273059699},
{"learn":[0.08945867587],"iteration":851,"passed_time":7.280524986,"remaining_time":1.264692134},
{"learn":[0.08944212238],"iteration":852,"passed_time":7.292527013,"remaining_time":1.256742639},
{"learn":[0.08941909045],"iteration":853,"passed_time":7.303861729,"remaining_time":1.24866957},
{"learn":[0.08939667875],"iteration":854,"passed_time":7.344356168,"remaining_time":1.245534087},
{"learn":[0.08937508812],"iteration":855,"passed_time":7.362389316,"remaining_time":1.238532782},
{"learn":[0.08935756444],"iteration":856,"passed_time":7.381502328,"remaining_time":1.231685919},
{"learn":[0.08934756867],"iteration":857,"passed_time":7.403444582,"remaining_time":1.225278707},
{"learn":[0.08933112212],"iteration":858,"passed_time":7.422678588,"remaining_time":1.218390781},
{"learn":[0.08932416059],"iteration":859,"passed_time":7.441164718,"remaining_time":1.211352396},
{"learn":[0.08931202199],"iteration":860,"passed_time":7.460071335,"remaining_time":1.204355303},
{"learn":[0.08929232929],"iteration":861,"passed_time":7.474880673,"remaining_time":1.196674632},
{"learn":[0.08928110974],"iteration":862,"passed_time":7.485814148,"remaining_time":1.188362153},
{"learn":[0.08926862161],"iteration":863,"passed_time":7.492485466,"remaining_time":1.179372712},
{"learn":[0.08925821603],"iteration":864,"passed_time":7.500905174,"remaining_time":1.170661501},
{"learn":[0.08924843215],"iteration":865,"passed_time":7.506888263,"remaining_time":1.161573934},
{"learn":[0.08923395179],"iteration":866,"passed_time":7.516949907,"remaining_time":1.15311919},
{"learn":[0.08922609534],"iteration":867,"passed_time":7.523809573,"remaining_time":1.144173806},
{"learn":[0.08921031942],"iteration":868,"passed_time":7.531714361,"remaining_time":1.135390772},
{"learn":[0.08919407946],"iteration":869,"passed_time":7.539860874,"remaining_time":1.126645878},
{"learn":[0.08917868952],"iteration":870,"passed_time":7.54967039,"remaining_time":1.118148657},
{"learn":[0.08916909431],"iteration":871,"passed_time":7.555477763,"remaining_time":1.109060956},
{"learn":[0.08915451493],"iteration":872,"passed_time":7.56393662,"remaining_time":1.100366496},
{"learn":[0.08913835467],"iteration":873,"passed_time":7.569053381,"remaining_time":1.091190762},
{"learn":[0.08912716947],"iteration":874,"passed_time":7.575242287,"remaining_time":1.08217747},
{"learn":[0.08911454128],"iteration":875,"passed_time":7.581039364,"remaining_time":1.073115161},
{"learn":[0.08910652166],"iteration":876,"passed_time":7.585395244,"remaining_time":1.06385817},
{"learn":[0.08909847981],"iteration":877,"passed_time":7.591863248,"remaining_time":1.054905827},
{"learn":[0.08907961162],"iteration":878,"passed_time":7.597710299,"remaining_time":1.045873659},
{"learn":[0.08907218112],"iteration":879,"passed_time":7.601633035,"remaining_time":1.036586323},
{"learn":[0.08906246579],"iteration":880,"passed_time":7.607520663,"remaining_time":1.027576571},
{"learn":[0.0890421071],"iteration":881,"passed_time":7.613017613,"remaining_time":1.018521631},
{"learn":[0.08901884447],"iteration":882,"passed_time":7.617341236,"remaining_time":1.00931928},
{"learn":[0.08899989744],"iteration":883,"passed_time":7.623829375,"remaining_time":1.000411999},
{"learn":[0.08898486808],"iteration":884,"passed_time":7.62860367,"remaining_time":0.9912874826},
{"learn":[0.08896852042],"iteration":885,"passed_time":7.632836848,"remaining_time":0.982103161},
{"learn":[0.08895374535],"iteration":886,"passed_time":7.639148463,"remaining_time":0.9731947872},
{"learn":[0.08894598766],"iteration":887,"passed_time":7.644985051,"remaining_time":0.9642323487},
{"learn":[0.08892192525],"iteration":888,"passed_time":7.651124487,"remaining_time":0.9553147559},
{"learn":[0.08890820398],"iteration":889,"passed_time":7.657894374,"remaining_time":0.9464813271},
{"learn":[0.08889538505],"iteration":890,"passed_time":7.662921786,"remaining_time":0.9374393656},
{"learn":[0.08887938922],"iteration":891,"passed_time":7.671541854,"remaining_time":0.9288413904},
{"learn":[0.08886725093],"iteration":892,"passed_time":7.677217037,"remaining_time":0.9198905072},
{"learn":[0.088857586],"iteration":893,"passed_time":7.686439812,"remaining_time":0.911367584},
{"learn":[0.08884454832],"iteration":894,"passed_time":7.692250362,"remaining_time":0.9024427799},
{"learn":[0.08882729381],"iteration":895,"passed_time":7.70752774,"remaining_time":0.8946237555},
{"learn":[0.08880925404],"iteration":896,"passed_time":7.732358548,"remaining_time":0.8878850953},
{"learn":[0.08879531307],"iteration":897,"passed_time":7.759143837,"remaining_time":0.8813281418},
{"learn":[0.08878000379],"iteration":898,"passed_time":7.784907033,"remaining_time":0.8746113574},
{"learn":[0.08876154905],"iteration":899,"passed_time":7.833609283,"remaining_time":0.8704010314},
{"learn":[0.08874565087],"iteration":900,"passed_time":7.853506231,"remaining_time":0.8629268778},
{"learn":[0.08872960043],"iteration":901,"passed_time":7.885571883,"remaining_time":0.8567472777},
{"learn":[0.08869816055],"iteration":902,"passed_time":7.903058144,"remaining_time":0.8489442304},
{"learn":[0.08868411438],"iteration":903,"passed_time":7.92656967,"remaining_time":0.841759611},
{"learn":[0.08867921549],"iteration":904,"passed_time":7.962950794,"remaining_time":0.8358898624},
{"learn":[0.08866896982],"iteration":905,"passed_time":7.97976746,"remaining_time":0.8279228932},
{"learn":[0.08865680416],"iteration":906,"passed_time":7.988123883,"remaining_time":0.8190689318},
{"learn":[0.08865237195],"iteration":907,"passed_time":7.995304814,"remaining_time":0.8100969635},
{"learn":[0.0886397611],"iteration":908,"passed_time":8.000514888,"remaining_time":0.8009316334},
{"learn":[0.0886299849],"iteration":909,"passed_time":8.007064565,"remaining_time":0.7919074844},
{"learn":[0.08861495473],"iteration":910,"passed_time":8.01207684,"remaining_time":0.7827385717},
{"learn":[0.08860968317],"iteration":911,"passed_time":8.017034248,"remaining_time":0.7735734801},
{"learn":[0.08859606029],"iteration":912,"passed_time":8.023145207,"remaining_time":0.764527528},
{"learn":[0.08858495443],"iteration":913,"passed_time":8.028248906,"remaining_time":0.7553932231},
{"learn":[0.08857321614],"iteration":914,"passed_time":8.033336966,"remaining_time":0.7462662756},
{"learn":[0.08856428005],"iteration":915,"passed_time":8.039354642,"remaining_time":0.7372333951},
{"learn":[0.08854759778],"iteration":916,"passed_time":8.043512413,"remaining_time":0.7280387462},
{"learn":[0.08853222816],"iteration":917,"passed_time":8.047867215,"remaining_time":0.7188726706},
{"learn":[0.08850897305],"iteration":918,"passed_time":8.053072912,"remaining_time":0.709792063},
{"learn":[0.08849915969],"iteration":919,"passed_time":8.057080189,"remaining_time":0.7006156687},
{"learn":[0.0884938329],"iteration":920,"passed_time":8.060953163,"remaining_time":0.6914389792},
{"learn":[0.0884777923],"iteration":921,"passed_time":8.065910052,"remaining_time":0.6823654925},
{"learn":[0.08846646802],"iteration":922,"passed_time":8.070064751,"remaining_time":0.6732340042},
{"learn":[0.08844497663],"iteration":923,"passed_time":8.074235567,"remaining_time":0.6641146137},
{"learn":[0.08842733502],"iteration":924,"passed_time":8.080465342,"remaining_time":0.6551728655},
{"learn":[0.08841860343],"iteration":925,"passed_time":8.085720225,"remaining_time":0.6461590677},
{"learn":[0.08840481933],"iteration":926,"passed_time":8.090185713,"remaining_time":0.6370912158},
{"learn":[0.08839979549],"iteration":927,"passed_time":8.095224802,"remaining_time":0.6280777863},
{"learn":[0.08838777918],"iteration":928,"passed_time":8.101027981,"remaining_time":0.6191313096},
{"learn":[0.0883663081],"iteration":929,"passed_time":8.106421497,"remaining_time":0.6101607578},
{"learn":[0.08834405858],"iteration":930,"passed_time":8.111853097,"remaining_time":0.6012007129},
{"learn":[0.0883368159],"iteration":931,"passed_time":8.115811574,"remaining_time":0.5921407586},
{"learn":[0.08832373132],"iteration":932,"passed_time":8.120902901,"remaining_time":0.5831730915},
{"learn":[0.08831307683],"iteration":933,"passed_time":8.12494291,"remaining_time":0.5741394348},
{"learn":[0.08830141657],"iteration":934,"passed_time":8.129475141,"remaining_time":0.5651506783},
{"learn":[0.08828833191],"iteration":935,"passed_time":8.133432219,"remaining_time":0.5561321176},
{"learn":[0.08827199381],"iteration":936,"passed_time":8.13752958,"remaining_time":0.5471337924},
{"learn":[0.08825996752],"iteration":937,"passed_time":8.141432875,"remaining_time":0.5381330898},
{"learn":[0.08824832711],"iteration":938,"passed_time":8.145534521,"remaining_time":0.5291561297},
{"learn":[0.08822036237],"iteration":939,"passed_time":8.150502243,"remaining_time":0.520244824},
{"learn":[0.08820640979],"iteration":940,"passed_time":8.15452286,"remaining_time":0.5112825173},
{"learn":[0.08818306728],"iteration":941,"passed_time":8.159316899,"remaining_time":0.5023783228},
{"learn":[0.08817655034],"iteration":942,"passed_time":8.163336918,"remaining_time":0.4934360597},
{"learn":[0.08816245915],"iteration":943,"passed_time":8.167463861,"remaining_time":0.4845105681},
{"learn":[0.08814027719],"iteration":944,"passed_time":8.171641711,"remaining_time":0.4755981948},
{"learn":[0.08812925094],"iteration":945,"passed_time":8.175698543,"remaining_time":0.4666889232},
{"learn":[0.088108392],"iteration":946,"passed_time":8.179829045,"remaining_time":0.4577940226},
{"learn":[0.08809757208],"iteration":947,"passed_time":8.183695237,"remaining_time":0.4488946755},
{"learn":[0.08808462847],"iteration":948,"passed_time":8.188048642,"remaining_time":0.4400321188},
{"learn":[0.08807430463],"iteration":949,"passed_time":8.193914517,"remaining_time":0.4312586588},
{"learn":[0.08805720322],"iteration":950,"passed_time":8.19936596,"remaining_time":0.4224699601},
{"learn":[0.088045356],"iteration":951,"passed_time":8.205359447,"remaining_time":0.4137156023},
{"learn":[0.08803403663],"iteration":952,"passed_time":8.210790025,"remaining_time":0.4049392772},
{"learn":[0.0880132365],"iteration":953,"passed_time":8.216481207,"remaining_time":0.396182532},
{"learn":[0.08799771216],"iteration":954,"passed_time":8.222720906,"remaining_time":0.3874580532},
{"learn":[0.08797646902],"iteration":955,"passed_time":8.228334423,"remaining_time":0.3787099525},
{"learn":[0.08796870641],"iteration":956,"passed_time":8.23433384,"remaining_time":0.369985742},
{"learn":[0.08795204325],"iteration":957,"passed_time":8.245236905,"remaining_time":0.3614822025},
{"learn":[0.0879391996],"iteration":958,"passed_time":8.266609791,"remaining_time":0.3534212737},
{"learn":[0.08791497885],"iteration":959,"passed_time":8.286253967,"remaining_time":0.345260582},
{"learn":[0.08789855556],"iteration":960,"passed_time":8.30512309,"remaining_time":0.3370445375},
{"learn":[0.08788743796],"iteration":961,"passed_time":8.324087981,"remaining_time":0.3288101282},
{"learn":[0.08787621579],"iteration":962,"passed_time":8.342317287,"remaining_time":0.320525171},
{"learn":[0.0878591742],"iteration":963,"passed_time":8.360707277,"remaining_time":0.312225583},
{"learn":[0.08784392507],"iteration":964,"passed_time":8.378399028,"remaining_time":0.3038797575},
{"learn":[0.08783044555],"iteration":965,"passed_time":8.396042656,"remaining_time":0.2955128885},
{"learn":[0.08782188642],"iteration":966,"passed_time":8.411139977,"remaining_time":0.2870399372},
{"learn":[0.08780008403],"iteration":967,"passed_time":8.427102874,"remaining_time":0.2785819132},
{"learn":[0.08779424215],"iteration":968,"passed_time":8.441776996,"remaining_time":0.2700671691},
{"learn":[0.0877835289],"iteration":969,"passed_time":8.457152039,"remaining_time":0.2615614033},
{"learn":[0.08776839032],"iteration":970,"passed_time":8.470388842,"remaining_time":0.2529776276},
{"learn":[0.08774996534],"iteration":971,"passed_time":8.478790843,"remaining_time":0.2442450037},
{"learn":[0.08773372187],"iteration":972,"passed_time":8.484893259,"remaining_time":0.2354492477},
{"learn":[0.08772735211],"iteration":973,"passed_time":8.494418899,"remaining_time":0.2267504018},
{"learn":[0.08771010473],"iteration":974,"passed_time":8.50346121,"remaining_time":0.2180374669},
{"learn":[0.08769516798],"iteration":975,"passed_time":8.513237201,"remaining_time":0.2093418984},
{"learn":[0.0876805839],"iteration":976,"passed_time":8.520852239,"remaining_time":0.2005932462},
{"learn":[0.08766769185],"iteration":977,"passed_time":8.52904106,"remaining_time":0.1918598193},
{"learn":[0.08765268775],"iteration":978,"passed_time":8.535296117,"remaining_time":0.183086025},
{"learn":[0.08763319641],"iteration":979,"passed_time":8.54373682,"remaining_time":0.1743619759},
{"learn":[0.08761905549],"iteration":980,"passed_time":8.548908101,"remaining_time":0.1655751824},
{"learn":[0.08759341653],"iteration":981,"passed_time":8.5546538,"remaining_time":0.1568062815},
{"learn":[0.08757395048],"iteration":982,"passed_time":8.560204955,"remaining_time":0.1480401671},
{"learn":[0.08755022099],"iteration":983,"passed_time":8.565784544,"remaining_time":0.1392810495},
{"learn":[0.08753708141],"iteration":984,"passed_time":8.571370185,"remaining_time":0.13052848},
{"learn":[0.08751840685],"iteration":985,"passed_time":8.575617636,"remaining_time":0.1217633336},
{"learn":[0.08750857852],"iteration":986,"passed_time":8.579682626,"remaining_time":0.1130049383},
{"learn":[0.08749970574],"iteration":987,"passed_time":8.58456934,"remaining_time":0.1042660244},
{"learn":[0.08749141018],"iteration":988,"passed_time":8.589205645,"remaining_time":0.09553211537},
{"learn":[0.0874712871],"iteration":989,"passed_time":8.593521543,"remaining_time":0.08680324791},
{"learn":[0.08744886227],"iteration":990,"passed_time":8.598195258,"remaining_time":0.07808653615},
{"learn":[0.08743705055],"iteration":991,"passed_time":8.603575276,"remaining_time":0.06938367158},
{"learn":[0.08741618588],"iteration":992,"passed_time":8.608026903,"remaining_time":0.060680955},
{"learn":[0.08740087322],"iteration":993,"passed_time":8.612918982,"remaining_time":0.0519894506},
{"learn":[0.08739279309],"iteration":994,"passed_time":8.617503447,"remaining_time":0.04330403742},
{"learn":[0.08738025901],"iteration":995,"passed_time":8.621824929,"remaining_time":0.03462580293},
{"learn":[0.08736922377],"iteration":996,"passed_time":8.626383995,"remaining_time":0.02595702305},
{"learn":[0.08734770759],"iteration":997,"passed_time":8.631282389,"remaining_time":0.0172971591},
{"learn":[0.08733559059],"iteration":998,"passed_time":8.635964134,"remaining_time":0.008644608743},
{"learn":[0.0873179954],"iteration":999,"passed_time":8.640356351,"remaining_time":0}
]}